-- phpMyAdmin SQL Dump
-- version 4.4.15.9
-- https://www.phpmyadmin.net
--
-- Host: localhost:3307
-- Generation Time: Jun 13, 2018 at 11:29 AM
-- Server version: 5.7.19-log
-- PHP Version: 7.1.8

SET SQL_MODE = "NO_AUTO_VALUE_ON_ZERO";
SET time_zone = "+00:00";


/*!40101 SET @OLD_CHARACTER_SET_CLIENT=@@CHARACTER_SET_CLIENT */;
/*!40101 SET @OLD_CHARACTER_SET_RESULTS=@@CHARACTER_SET_RESULTS */;
/*!40101 SET @OLD_COLLATION_CONNECTION=@@COLLATION_CONNECTION */;
/*!40101 SET NAMES utf8mb4 */;

--
-- Database: `eapi`
--

-- --------------------------------------------------------

--
-- Table structure for table `migrations`
--

CREATE TABLE IF NOT EXISTS `migrations` (
  `id` int(10) unsigned NOT NULL,
  `migration` varchar(255) COLLATE utf8mb4_unicode_ci NOT NULL,
  `batch` int(11) NOT NULL
) ENGINE=InnoDB AUTO_INCREMENT=5 DEFAULT CHARSET=utf8mb4 COLLATE=utf8mb4_unicode_ci;

--
-- Dumping data for table `migrations`
--

INSERT INTO `migrations` (`id`, `migration`, `batch`) VALUES
(1, '2014_10_12_000000_create_users_table', 1),
(2, '2014_10_12_100000_create_password_resets_table', 1),
(3, '2018_06_13_065227_create_products_table', 1),
(4, '2018_06_13_073114_create_reviews_table', 1);

-- --------------------------------------------------------

--
-- Table structure for table `password_resets`
--

CREATE TABLE IF NOT EXISTS `password_resets` (
  `email` varchar(255) COLLATE utf8mb4_unicode_ci NOT NULL,
  `token` varchar(255) COLLATE utf8mb4_unicode_ci NOT NULL,
  `created_at` timestamp NULL DEFAULT NULL
) ENGINE=InnoDB DEFAULT CHARSET=utf8mb4 COLLATE=utf8mb4_unicode_ci;

-- --------------------------------------------------------

--
-- Table structure for table `products`
--

CREATE TABLE IF NOT EXISTS `products` (
  `id` int(10) unsigned NOT NULL,
  `name` varchar(255) COLLATE utf8mb4_unicode_ci NOT NULL,
  `detail` text COLLATE utf8mb4_unicode_ci NOT NULL,
  `price` int(11) NOT NULL,
  `discount` int(11) NOT NULL,
  `stock` int(11) NOT NULL,
  `created_at` timestamp NULL DEFAULT NULL,
  `updated_at` timestamp NULL DEFAULT NULL
) ENGINE=InnoDB AUTO_INCREMENT=101 DEFAULT CHARSET=utf8mb4 COLLATE=utf8mb4_unicode_ci;

--
-- Dumping data for table `products`
--

INSERT INTO `products` (`id`, `name`, `detail`, `price`, `discount`, `stock`, `created_at`, `updated_at`) VALUES
(1, 'voluptas', 'Doloribus eligendi animi ut ad ipsum aut sint. Velit voluptas dolorum quo numquam dolore voluptates et.', 5469, 13, 6, '2018-06-13 05:31:16', '2018-06-13 05:31:16'),
(2, 'vel', 'Iste nihil illum reprehenderit. Voluptates sunt perferendis nobis minima praesentium maiores. Voluptas voluptatem omnis molestiae.', 1768, 3, 8, '2018-06-13 05:31:16', '2018-06-13 05:31:16'),
(3, 'eligendi', 'Iusto ex accusamus at magnam expedita deleniti atque. Repudiandae nemo ducimus et provident commodi officia veniam. Et possimus iusto corrupti quod minima adipisci sed. Illum laboriosam maiores esse est voluptas.', 4219, 15, 4, '2018-06-13 05:31:17', '2018-06-13 05:31:17'),
(4, 'molestiae', 'Sint ea aut odit quam quia. Totam quaerat quo dolor et minima. Distinctio ipsa vel doloremque quia cupiditate aut. Alias sunt quisquam necessitatibus non.', 4780, 9, 4, '2018-06-13 05:31:17', '2018-06-13 05:31:17'),
(5, 'quibusdam', 'Quam enim rerum reiciendis. Dolorem deleniti commodi voluptatum non. Est similique et voluptas alias facere aut placeat. Id accusamus perspiciatis iste nobis.', 6545, 23, 1, '2018-06-13 05:31:17', '2018-06-13 05:31:17'),
(6, 'architecto', 'Sit sed eveniet cupiditate voluptatem quisquam. Molestiae corrupti possimus recusandae dolor iusto quis ratione. Tempore debitis perspiciatis incidunt voluptatum impedit ex. Sed sint rerum quas delectus.', 8999, 3, 3, '2018-06-13 05:31:17', '2018-06-13 05:31:17'),
(7, 'earum', 'Natus qui minima ut aperiam eum. Et rem fugiat nisi aut eligendi rerum nulla impedit. Quibusdam accusamus excepturi et consequatur necessitatibus. Et unde et accusantium sed odit nostrum.', 6906, 12, 3, '2018-06-13 05:31:18', '2018-06-13 05:31:18'),
(8, 'aut', 'Rem occaecati sit laudantium cupiditate. Ullam quam tempore sit maxime incidunt non. Enim omnis dolorem voluptate aliquam ratione est. Qui numquam consequuntur culpa id itaque consectetur.', 5136, 8, 1, '2018-06-13 05:31:18', '2018-06-13 05:31:18'),
(9, 'temporibus', 'Quis aspernatur quis voluptatem vero qui sapiente voluptas quia. Distinctio temporibus repellat est quasi. A aperiam qui ut odio ullam nulla tempore.', 837, 8, 6, '2018-06-13 05:31:18', '2018-06-13 05:31:18'),
(10, 'officiis', 'Nisi non quisquam ut suscipit tempore enim earum. Eum amet delectus dolorum qui rerum a explicabo. Debitis aut aut et est odio sed ratione. Architecto odit et facilis perferendis.', 3914, 3, 9, '2018-06-13 05:31:18', '2018-06-13 05:31:18'),
(11, 'sint', 'Repellendus nihil dolor illo veniam qui. Corporis est asperiores saepe ex est ex nostrum. Molestias ullam nostrum commodi ducimus omnis ut. Molestiae dolor quisquam tempora in consequatur.', 2615, 28, 7, '2018-06-13 05:31:18', '2018-06-13 05:31:18'),
(12, 'facere', 'Dolor sed est quod ipsum impedit sint rerum. Enim non est et. Alias sint voluptatem ducimus at eveniet. Reprehenderit rerum blanditiis debitis porro minima est.', 6025, 14, 6, '2018-06-13 05:31:18', '2018-06-13 05:31:18'),
(13, 'ut', 'Consequatur ut officia nostrum perspiciatis veritatis. Placeat placeat incidunt nostrum delectus voluptatem molestiae magni. Perferendis rerum id minus consequatur sit autem. Vitae possimus doloremque eos similique repellendus et.', 7032, 20, 1, '2018-06-13 05:31:18', '2018-06-13 05:31:18'),
(14, 'est', 'Est ut est nisi dicta voluptatem inventore. Aspernatur omnis quas ducimus dolore quia. Est enim sapiente magni.', 7477, 28, 1, '2018-06-13 05:31:18', '2018-06-13 05:31:18'),
(15, 'nesciunt', 'Iure qui et earum labore numquam non consequatur laboriosam. Iure eveniet numquam repudiandae fuga voluptatum eum sequi. Non perspiciatis sapiente perspiciatis facere consectetur.', 8958, 18, 7, '2018-06-13 05:31:18', '2018-06-13 05:31:18'),
(16, 'eos', 'Molestiae aperiam aut harum quam. Aut unde magnam et et voluptatibus.', 9280, 24, 2, '2018-06-13 05:31:19', '2018-06-13 05:31:19'),
(17, 'consectetur', 'Deleniti vel unde modi sit qui ea assumenda. Impedit sunt ad maiores beatae. Neque id vel saepe est quaerat rem sint. Officiis accusamus nihil sed doloribus consequatur blanditiis.', 258, 3, 1, '2018-06-13 05:31:19', '2018-06-13 05:31:19'),
(18, 'consequatur', 'Ullam repellat dolorem esse qui asperiores dolores. Eos repudiandae voluptatibus modi sunt suscipit. Fuga repellat unde et eaque itaque ratione. Ipsum ex ut distinctio at officia quia repellendus.', 2867, 8, 6, '2018-06-13 05:31:19', '2018-06-13 05:31:19'),
(19, 'sapiente', 'Aut molestiae et est dolores quisquam exercitationem adipisci. Voluptates recusandae a ab doloribus consequatur incidunt.', 324, 2, 2, '2018-06-13 05:31:19', '2018-06-13 05:31:19'),
(20, 'ullam', 'Illo cum quidem cum fugit. Rerum at non adipisci suscipit quaerat assumenda. Quia nisi perspiciatis quisquam. Aut repellendus est et perspiciatis quia cupiditate officiis.', 7725, 17, 5, '2018-06-13 05:31:19', '2018-06-13 05:31:19'),
(21, 'nemo', 'Ut hic non et autem eveniet voluptatem autem eaque. Voluptatem non omnis sed. Inventore laborum hic molestias eum.', 4743, 4, 5, '2018-06-13 05:31:19', '2018-06-13 05:31:19'),
(22, 'saepe', 'Magni mollitia delectus id ipsum voluptates accusamus. Iusto laborum dicta sunt adipisci nihil. Consequuntur vero eum cupiditate nostrum consequatur quae.', 3289, 7, 6, '2018-06-13 05:31:19', '2018-06-13 05:31:19'),
(23, 'et', 'Est eum et voluptatem est. Totam iure iste in ex magni pariatur minima. Culpa dolore culpa id natus magni. Ut aut voluptate facere ullam.', 4452, 24, 1, '2018-06-13 05:31:19', '2018-06-13 05:31:19'),
(24, 'vel', 'Quibusdam voluptatibus eaque asperiores voluptatem id quis. Vel tempora eos vitae. Eveniet eaque autem ut delectus est reprehenderit omnis. Porro deserunt error repellat tempore enim.', 8688, 23, 2, '2018-06-13 05:31:19', '2018-06-13 05:31:19'),
(25, 'itaque', 'Et quia ad ut aliquid consequatur soluta. Similique provident quod suscipit facilis. Ut deserunt ut recusandae aut consequuntur amet culpa. Voluptatem eum quo et.', 5885, 5, 7, '2018-06-13 05:31:19', '2018-06-13 05:31:19'),
(26, 'nemo', 'Repellat blanditiis sapiente et dicta ab dolorum et accusamus. Aut quaerat optio qui sit cum ratione inventore nisi. Aliquam harum eligendi voluptatem nam vel doloribus. Ut voluptas ullam voluptates sunt voluptatem quod dignissimos voluptas. Et voluptatem distinctio nisi unde culpa nesciunt dolores.', 9570, 6, 1, '2018-06-13 05:31:19', '2018-06-13 05:31:19'),
(27, 'placeat', 'Similique autem eveniet consequatur nostrum. Voluptatum accusamus officia et voluptatem magnam neque. Labore cumque cumque sit et recusandae cupiditate.', 6964, 16, 7, '2018-06-13 05:31:20', '2018-06-13 05:31:20'),
(28, 'suscipit', 'Rerum tempore voluptates aspernatur voluptate. Dolor rerum est expedita fuga eaque aliquam labore. Aut provident dolor consequatur dolorem iure. Et magni praesentium reprehenderit.', 4734, 1, 7, '2018-06-13 05:31:20', '2018-06-13 05:31:20'),
(29, 'itaque', 'Nostrum ratione nesciunt error impedit aut quo. Voluptatum esse maxime et fuga eos ipsa. Et enim repudiandae possimus.', 2359, 16, 3, '2018-06-13 05:31:20', '2018-06-13 05:31:20'),
(30, 'et', 'Odit deleniti velit culpa voluptatem rerum et id. Eveniet odio voluptates et voluptatem totam sit tempore facilis. Rem et beatae sequi rerum aut.', 4774, 12, 7, '2018-06-13 05:31:20', '2018-06-13 05:31:20'),
(31, 'corrupti', 'Quia sed similique voluptatem. Maiores debitis dolores ut voluptate provident soluta. Quas expedita et corrupti et.', 3144, 10, 5, '2018-06-13 05:31:20', '2018-06-13 05:31:20'),
(32, 'incidunt', 'Id aut tenetur et esse et quia quasi. Vel doloremque omnis ut. Nam asperiores repellendus excepturi harum dicta magni nemo optio.', 6960, 11, 9, '2018-06-13 05:31:20', '2018-06-13 05:31:20'),
(33, 'sed', 'Saepe alias hic asperiores ut repellat dolor ut. Magnam molestias iusto occaecati voluptatem consequatur. Ex dolor ducimus consectetur. Omnis maxime iste quod at aliquam sapiente et labore. Labore nostrum ipsum ab quia modi.', 5029, 22, 0, '2018-06-13 05:31:20', '2018-06-13 05:31:20'),
(34, 'soluta', 'Voluptas maiores dolorum repudiandae deserunt. Fugit vel tempore esse minus vitae. Aliquam et modi tenetur deleniti qui sit hic quidem. Et cumque et omnis numquam nisi iure.', 1060, 22, 3, '2018-06-13 05:31:20', '2018-06-13 05:31:20'),
(35, 'ipsum', 'Qui ullam ipsum odio a saepe et incidunt architecto. Minima quae quas aut eos exercitationem. Minima consequatur hic sit facilis.', 630, 23, 5, '2018-06-13 05:31:20', '2018-06-13 05:31:20'),
(36, 'explicabo', 'Rem veritatis aspernatur aut omnis aperiam quibusdam et sit. Odit laudantium quia porro autem at cumque commodi. Autem aliquid autem eos iure accusamus. Et sit laboriosam consectetur.', 1331, 21, 8, '2018-06-13 05:31:20', '2018-06-13 05:31:20'),
(37, 'modi', 'Harum quis aut harum nihil. Quisquam dicta id est ut est sint quis. Libero saepe sint est pariatur sint consequatur quo. Ut dolorum omnis occaecati necessitatibus dolores rerum possimus iusto.', 8992, 15, 5, '2018-06-13 05:31:21', '2018-06-13 05:31:21'),
(38, 'tenetur', 'Aperiam et maiores ratione quisquam aperiam omnis. Sed minus voluptatibus velit odio.', 2643, 15, 0, '2018-06-13 05:31:21', '2018-06-13 05:31:21'),
(39, 'reprehenderit', 'Dignissimos animi atque vero officiis tenetur. Voluptas quae quasi earum porro ratione est aliquam. Nam odit neque molestiae. Modi dolor unde ad qui minima aut.', 8899, 27, 2, '2018-06-13 05:31:21', '2018-06-13 05:31:21'),
(40, 'voluptatem', 'Dolorem et et facere accusantium ab. Debitis ut veritatis id quod explicabo minus. Voluptas id non consequatur eveniet expedita dignissimos aut qui.', 9572, 16, 4, '2018-06-13 05:31:21', '2018-06-13 05:31:21'),
(41, 'adipisci', 'Autem veniam ut repellendus. Iure et ad odit. Est quo ipsa amet voluptate modi amet.', 6524, 23, 8, '2018-06-13 05:31:21', '2018-06-13 05:31:21'),
(42, 'autem', 'Quidem id expedita sed eum natus qui. Magni sed quaerat vero suscipit nam at ab. Eligendi eveniet id aut libero est.', 2641, 23, 1, '2018-06-13 05:31:21', '2018-06-13 05:31:21'),
(43, 'quis', 'Voluptatem est doloremque laborum deleniti vel. Voluptatem nihil optio excepturi non aut aut. In est reiciendis sit rerum maiores.', 9857, 30, 9, '2018-06-13 05:31:21', '2018-06-13 05:31:21'),
(44, 'reprehenderit', 'Maiores deserunt facere non repudiandae numquam repudiandae. Fuga facere qui voluptate voluptatem voluptates expedita. Optio reiciendis atque officiis aut.', 3348, 28, 6, '2018-06-13 05:31:21', '2018-06-13 05:31:21'),
(45, 'sapiente', 'Omnis laudantium quisquam nostrum voluptas nostrum non dolores. Eaque aliquid alias voluptas hic et occaecati explicabo quas.', 2640, 18, 5, '2018-06-13 05:31:21', '2018-06-13 05:31:21'),
(46, 'tempora', 'Esse sapiente neque nisi et illum fugiat unde. Dolores ipsum asperiores velit aut cumque numquam. Id accusamus recusandae distinctio numquam quisquam et voluptatem dolor. Voluptatem consequatur est quaerat dolores odit aperiam deleniti.', 2468, 15, 3, '2018-06-13 05:31:21', '2018-06-13 05:31:21'),
(47, 'eos', 'Eveniet illum cum saepe nihil. Ut aut tempora velit molestiae doloremque repellendus ipsum.', 8279, 8, 3, '2018-06-13 05:31:21', '2018-06-13 05:31:21'),
(48, 'dolore', 'Autem iste enim omnis laborum. Sint ex doloribus aut omnis at voluptas. Soluta rerum et et illum.', 8209, 6, 4, '2018-06-13 05:31:21', '2018-06-13 05:31:21'),
(49, 'magni', 'Praesentium dolorem eius omnis laboriosam impedit et. Minus beatae ab omnis quis iusto et. Officiis dicta voluptatem saepe possimus.', 5969, 20, 3, '2018-06-13 05:31:21', '2018-06-13 05:31:21'),
(50, 'et', 'Quia nulla laudantium dolor rerum. Velit quis et assumenda similique nam eaque. Molestiae ex aut numquam repudiandae sunt.', 5686, 16, 4, '2018-06-13 05:31:21', '2018-06-13 05:31:21'),
(51, 'et', 'Et exercitationem tempore et sed odit beatae omnis nulla. Possimus cumque et laboriosam magnam et delectus. Aliquid laboriosam aut nihil sunt aut.', 4297, 20, 2, '2018-06-13 05:35:01', '2018-06-13 05:35:01'),
(52, 'quasi', 'Libero eum et quia eligendi accusamus magnam vel. Velit qui voluptate vitae sint. Velit illum ut tenetur perferendis omnis autem. Facere aperiam eum modi et deleniti adipisci assumenda.', 1977, 9, 1, '2018-06-13 05:35:02', '2018-06-13 05:35:02'),
(53, 'ex', 'Vel eligendi adipisci reprehenderit saepe voluptate aut commodi inventore. Asperiores esse sapiente molestiae tempora ipsam. Id quo rerum natus quia sint.', 8303, 11, 4, '2018-06-13 05:35:02', '2018-06-13 05:35:02'),
(54, 'et', 'Sed necessitatibus illum esse et iusto delectus maxime. Tenetur quos quam iusto. Explicabo voluptatibus et animi dolore et et quam. Et voluptas voluptas magni doloribus.', 1926, 1, 7, '2018-06-13 05:35:02', '2018-06-13 05:35:02'),
(55, 'ut', 'Ullam saepe animi nihil alias. Quam ipsam et minus sapiente qui vitae sint autem. Dolore omnis voluptatem veniam quaerat numquam.', 8265, 27, 0, '2018-06-13 05:35:02', '2018-06-13 05:35:02'),
(56, 'et', 'Nulla delectus nobis ex. Aperiam quia rerum dolorum nesciunt. Voluptatem et consequatur suscipit perspiciatis adipisci. Et rem odit ad architecto.', 153, 2, 8, '2018-06-13 05:35:02', '2018-06-13 05:35:02'),
(57, 'dignissimos', 'Aut dolor illo velit autem illum magni. Id culpa quasi quibusdam saepe a. Enim omnis aut est voluptatem. Veniam ipsum accusantium dolor est fuga deserunt.', 7624, 10, 0, '2018-06-13 05:35:02', '2018-06-13 05:35:02'),
(58, 'odio', 'Dolores adipisci minus quis autem quisquam ipsum sint. Libero natus doloremque nemo quas facilis quae inventore. Velit et dolor quidem aut aut nobis. Fuga eum quia laboriosam nostrum.', 911, 21, 8, '2018-06-13 05:35:02', '2018-06-13 05:35:02'),
(59, 'dolor', 'Sint tempora placeat accusamus. Omnis sit odit aut quam odit recusandae. Non fugiat sunt enim iusto. Laborum qui neque culpa.', 8072, 28, 5, '2018-06-13 05:35:02', '2018-06-13 05:35:02'),
(60, 'et', 'Iste nisi aut nihil unde nam. Reprehenderit quidem cumque omnis id ea nisi. Aspernatur consequatur ipsum consectetur fuga cum ex voluptas. Facere optio necessitatibus ea.', 1364, 24, 4, '2018-06-13 05:35:02', '2018-06-13 05:35:02'),
(61, 'dolorem', 'Ipsa est alias assumenda. Vel provident dolor pariatur. Omnis ratione commodi neque asperiores sint voluptate debitis. Aperiam atque voluptas distinctio consequatur.', 8379, 22, 2, '2018-06-13 05:35:02', '2018-06-13 05:35:02'),
(62, 'voluptas', 'Accusantium dolores minus doloribus. Eos occaecati expedita placeat rerum veritatis. Neque et est laudantium distinctio id voluptatem similique quae. Sequi id cupiditate voluptas et rem.', 2776, 23, 7, '2018-06-13 05:35:03', '2018-06-13 05:35:03'),
(63, 'eligendi', 'Dolores vero quasi velit facilis. Enim omnis quo debitis. Provident qui qui quae et minus. Laborum voluptates ad ut sed possimus eum quod.', 2297, 17, 2, '2018-06-13 05:35:03', '2018-06-13 05:35:03'),
(64, 'eaque', 'Dolore tempore eos incidunt rerum est corporis. Dolor laborum voluptatem ipsam sint quae. Unde rerum reprehenderit quia est.', 9403, 21, 5, '2018-06-13 05:35:03', '2018-06-13 05:35:03'),
(65, 'exercitationem', 'Excepturi qui rerum sequi voluptatem et. Omnis cumque eum ut assumenda illum. Quis qui in molestiae facere id ut repellat. Esse nihil quo assumenda deleniti.', 264, 9, 4, '2018-06-13 05:35:03', '2018-06-13 05:35:03'),
(66, 'officia', 'Maiores soluta quia eos amet nam beatae. Est odio deserunt ut mollitia consectetur odio facilis. Sit velit asperiores magni quos.', 7877, 5, 1, '2018-06-13 05:35:03', '2018-06-13 05:35:03'),
(67, 'eius', 'Vel quisquam ex optio nisi error fugit. Quia suscipit omnis vel fugit et. Esse dolor dolorum sunt.', 9859, 13, 9, '2018-06-13 05:35:03', '2018-06-13 05:35:03'),
(68, 'quis', 'Asperiores non ut consequatur id. Eaque voluptatem illum dicta. At possimus voluptas at autem. Aut voluptas animi iste pariatur sunt accusamus. Velit fuga omnis suscipit officiis est unde ut maiores.', 4159, 7, 0, '2018-06-13 05:35:03', '2018-06-13 05:35:03'),
(69, 'doloremque', 'Quaerat nemo ratione aut ex labore commodi quisquam. Inventore nesciunt optio et temporibus nam animi molestiae. Ad sunt inventore repellendus nostrum aut porro eos.', 7404, 12, 8, '2018-06-13 05:35:03', '2018-06-13 05:35:03'),
(70, 'qui', 'Et voluptatem qui veniam itaque tempora incidunt quibusdam. Eos ratione dignissimos eum iusto dolores illum. Voluptas vel voluptatem sapiente. Adipisci ut corrupti sed culpa quibusdam repellat.', 7454, 24, 8, '2018-06-13 05:35:03', '2018-06-13 05:35:03'),
(71, 'exercitationem', 'Dolor odio ducimus nisi eos eaque. Dolor debitis architecto aspernatur explicabo voluptas iure. Sapiente id fugiat dolores nesciunt rerum illo expedita. Distinctio provident et aut iure ea et.', 9476, 10, 3, '2018-06-13 05:35:03', '2018-06-13 05:35:03'),
(72, 'deleniti', 'Id molestiae beatae velit error vitae perspiciatis. Asperiores sint enim eius nihil dolores.', 8950, 5, 9, '2018-06-13 05:35:03', '2018-06-13 05:35:03'),
(73, 'dolores', 'Odio amet architecto dolorum rerum quidem. Velit sit facere ea qui tempora sed expedita. Qui voluptas praesentium temporibus excepturi voluptatem iusto. Officiis dolores sunt ut enim aut et.', 529, 10, 5, '2018-06-13 05:35:04', '2018-06-13 05:35:04'),
(74, 'vero', 'Eos quae aut dolor. Nisi et animi eligendi sunt nostrum. Non mollitia ducimus sit nam soluta et veniam. Et at ipsa minima earum.', 6472, 18, 7, '2018-06-13 05:35:04', '2018-06-13 05:35:04'),
(75, 'pariatur', 'In recusandae et optio laudantium vitae. Amet saepe qui eligendi adipisci corporis recusandae at. Aspernatur nulla deleniti quis iste quod molestiae sed. Est et quis voluptatum beatae ea.', 4332, 20, 4, '2018-06-13 05:35:04', '2018-06-13 05:35:04'),
(76, 'numquam', 'Qui facere eius adipisci est molestiae harum odit. Ducimus delectus veniam dolorum cum dolorem ipsam aliquid sed. Est aliquid tempora molestiae illo placeat occaecati.', 1334, 24, 6, '2018-06-13 05:35:04', '2018-06-13 05:35:04'),
(77, 'quam', 'Occaecati error tempora ratione illum distinctio aut et dolorem. Reiciendis commodi illo in ut nihil nisi. Aspernatur non ad debitis iste ut.', 8337, 29, 3, '2018-06-13 05:35:04', '2018-06-13 05:35:04'),
(78, 'non', 'Debitis iure quo dolorem velit in eum eum. Tempore eos ab saepe nostrum rerum qui dolor. Aut et sunt sint impedit molestiae voluptas perspiciatis.', 192, 17, 8, '2018-06-13 05:35:04', '2018-06-13 05:35:04'),
(79, 'tempora', 'Excepturi ut tenetur maxime voluptatibus eligendi quibusdam nesciunt quae. Impedit temporibus laborum architecto soluta id ducimus. Laudantium non est corporis et accusantium omnis sit. Velit sed illo itaque repudiandae libero.', 1964, 18, 4, '2018-06-13 05:35:04', '2018-06-13 05:35:04'),
(80, 'id', 'In et velit at quibusdam. Tempore non fuga sunt modi repellat. Omnis est ex pariatur. Quis soluta et et repellendus aliquam doloremque officia.', 2381, 30, 7, '2018-06-13 05:35:04', '2018-06-13 05:35:04'),
(81, 'tenetur', 'Ut rerum quidem libero labore ab. Placeat sed fugiat voluptatum esse ullam quia.', 5639, 6, 4, '2018-06-13 05:35:04', '2018-06-13 05:35:04'),
(82, 'rerum', 'Assumenda est voluptates totam dolorum voluptatibus saepe. Autem neque iusto praesentium. Sit modi hic quia est eligendi aut praesentium. Dolores qui non neque.', 5947, 11, 8, '2018-06-13 05:35:05', '2018-06-13 05:35:05'),
(83, 'voluptas', 'Est eligendi placeat consequatur ipsum rem. Ad rerum ut assumenda quis. Omnis fuga illo id soluta fugit. Tenetur a rerum fugit vel recusandae nulla recusandae.', 2912, 10, 7, '2018-06-13 05:35:05', '2018-06-13 05:35:05'),
(84, 'consectetur', 'Perferendis voluptas et soluta quisquam illo. Debitis omnis aut suscipit et. Perferendis doloribus est nostrum in asperiores. Tempore et voluptates totam officia ipsa omnis.', 6100, 30, 6, '2018-06-13 05:35:05', '2018-06-13 05:35:05'),
(85, 'veniam', 'Iste eius fugit mollitia similique et autem non. Natus ut quia earum atque laudantium vel.', 9659, 9, 7, '2018-06-13 05:35:05', '2018-06-13 05:35:05'),
(86, 'qui', 'Quo dolores ut aut blanditiis. Sapiente totam dolorem ullam aut architecto voluptas quia. Eum qui eos ad corporis voluptas. Ut mollitia harum et quos quia quo qui. Harum dolor occaecati ratione deleniti ut.', 6144, 1, 2, '2018-06-13 05:35:05', '2018-06-13 05:35:05'),
(87, 'nostrum', 'Autem unde asperiores quae laudantium. Iusto omnis voluptas non hic temporibus et repellat. Ipsa nisi dolorum officia fugit qui.', 1153, 19, 3, '2018-06-13 05:35:05', '2018-06-13 05:35:05'),
(88, 'nisi', 'Voluptatem ut sint doloremque fugiat ratione temporibus molestias. Quis ipsam iure soluta sunt et voluptatem sunt. Repudiandae perspiciatis aut non consectetur repudiandae at. Mollitia libero doloremque architecto blanditiis.', 4061, 26, 5, '2018-06-13 05:35:05', '2018-06-13 05:35:05'),
(89, 'odio', 'Sapiente distinctio quo eligendi sit. Consequatur mollitia sit magni dolores ut facilis. Fugiat ipsam quo harum natus commodi.', 7922, 30, 3, '2018-06-13 05:35:05', '2018-06-13 05:35:05'),
(90, 'deserunt', 'Beatae eos quibusdam esse molestiae eos. Voluptatem qui sit dolore repellat nulla qui et. Cumque voluptatem quaerat animi culpa architecto optio consectetur.', 4863, 9, 5, '2018-06-13 05:35:05', '2018-06-13 05:35:05'),
(91, 'ducimus', 'Ipsum beatae repudiandae dignissimos. Cumque officia eaque dolore possimus sunt soluta est et. Eos doloremque repudiandae ullam.', 8012, 26, 3, '2018-06-13 05:35:05', '2018-06-13 05:35:05'),
(92, 'et', 'Voluptas deserunt ut harum voluptatibus occaecati sint voluptatem. Consequatur suscipit tempora voluptatum illo qui. Et inventore in et quasi nemo molestiae culpa. Ex aut officia eum.', 4399, 24, 1, '2018-06-13 05:35:05', '2018-06-13 05:35:05'),
(93, 'suscipit', 'Sunt ipsum at culpa saepe qui. Delectus nesciunt consequatur ea et. Vitae est illo cumque deleniti nostrum itaque.', 1493, 7, 3, '2018-06-13 05:35:05', '2018-06-13 05:35:05'),
(94, 'reprehenderit', 'Odio et omnis laudantium nostrum nobis dolorum veritatis. Dolores nisi ea et voluptatem repellat autem. Id sit aspernatur minima dolorum. Eligendi fuga molestiae earum blanditiis non culpa consectetur. Dolores quam quae optio modi quo odit iusto.', 9849, 11, 7, '2018-06-13 05:35:05', '2018-06-13 05:35:05'),
(95, 'tempora', 'Ratione quis est enim aut. Expedita fuga distinctio laboriosam magnam modi vel reiciendis quo. Tempora cum similique aut rem et quis.', 8109, 28, 1, '2018-06-13 05:35:05', '2018-06-13 05:35:05'),
(96, 'repellat', 'Provident commodi accusantium dolore accusamus magnam placeat voluptatibus. Voluptas earum eligendi in. Quo et suscipit ut ratione nam perspiciatis itaque.', 5911, 4, 7, '2018-06-13 05:35:06', '2018-06-13 05:35:06'),
(97, 'qui', 'Assumenda quaerat tempore laudantium dolor magni. Est aliquid numquam quibusdam repudiandae laboriosam. Tempora ratione est aut quae. Et nostrum facilis voluptates.', 4773, 5, 9, '2018-06-13 05:35:06', '2018-06-13 05:35:06'),
(98, 'dolorum', 'Ea aspernatur quos voluptatibus tempora tempora. Mollitia nam officiis architecto quos rerum et.', 5703, 29, 6, '2018-06-13 05:35:06', '2018-06-13 05:35:06'),
(99, 'voluptas', 'Vel sapiente vero perspiciatis expedita. Quas eum qui necessitatibus est vitae ab. Eligendi consequatur quaerat doloribus eligendi libero.', 4844, 6, 6, '2018-06-13 05:35:06', '2018-06-13 05:35:06'),
(100, 'accusantium', 'Voluptatem veniam animi aliquam delectus. Incidunt consequuntur iste ut in quis. Doloremque dolor consequatur magnam praesentium iure. Ut expedita quo accusamus ex voluptate.', 3589, 7, 6, '2018-06-13 05:35:06', '2018-06-13 05:35:06');

-- --------------------------------------------------------

--
-- Table structure for table `reviews`
--

CREATE TABLE IF NOT EXISTS `reviews` (
  `id` int(10) unsigned NOT NULL,
  `product_id` int(10) unsigned NOT NULL,
  `customer` varchar(255) COLLATE utf8mb4_unicode_ci NOT NULL,
  `review` text COLLATE utf8mb4_unicode_ci NOT NULL,
  `star` int(11) NOT NULL,
  `created_at` timestamp NULL DEFAULT NULL,
  `updated_at` timestamp NULL DEFAULT NULL
) ENGINE=InnoDB AUTO_INCREMENT=301 DEFAULT CHARSET=utf8mb4 COLLATE=utf8mb4_unicode_ci;

--
-- Dumping data for table `reviews`
--

INSERT INTO `reviews` (`id`, `product_id`, `customer`, `review`, `star`, `created_at`, `updated_at`) VALUES
(1, 82, 'Sylvia McCullough Sr.', 'Molestiae ipsum earum maiores aut fugiat. At aliquam architecto voluptas ipsa eum possimus aliquid omnis. Est commodi nesciunt pariatur magni reiciendis.', 4, '2018-06-13 05:35:09', '2018-06-13 05:35:09'),
(2, 20, 'Justus Koch', 'Veniam quam aut enim facere vel at tempora. Molestias non autem corporis autem. Eum officia explicabo cum fugit modi minus culpa. Nihil illo dignissimos praesentium in autem.', 2, '2018-06-13 05:35:10', '2018-06-13 05:35:10'),
(3, 27, 'Dr. Franz Grady DVM', 'Ipsa accusantium laborum voluptatem. Illo vero ut et dolorem esse debitis recusandae.', 3, '2018-06-13 05:35:10', '2018-06-13 05:35:10'),
(4, 96, 'Jaycee Ziemann', 'Nihil aliquam voluptatem qui unde sed qui incidunt. Beatae nihil voluptates numquam consequatur velit ipsa aut. Quidem et qui fugiat sunt iure. Non nobis illo iusto ea praesentium blanditiis officia.', 5, '2018-06-13 05:35:10', '2018-06-13 05:35:10'),
(5, 23, 'Dr. Jasper Jacobson MD', 'Perspiciatis eaque unde alias fuga. Neque voluptas necessitatibus illum dolor sint est.', 5, '2018-06-13 05:35:10', '2018-06-13 05:35:10'),
(6, 100, 'Dandre Daniel', 'Sit hic sunt reprehenderit et unde. In dolorem soluta error. Minus sed sint hic. Minus eum numquam velit et blanditiis alias.', 2, '2018-06-13 05:35:10', '2018-06-13 05:35:10'),
(7, 61, 'Mr. Carmine Nitzsche III', 'Consequatur itaque vel excepturi ratione dolore. Est reprehenderit rem explicabo eveniet at voluptatem. Sed fugit velit sed non labore ipsam nesciunt. Nihil iusto cum harum perspiciatis corrupti maiores mollitia.', 1, '2018-06-13 05:35:10', '2018-06-13 05:35:10'),
(8, 56, 'Mikayla Mayer', 'In quas molestiae consequatur cum. Accusantium voluptatum eum omnis. Aspernatur optio qui eveniet explicabo autem. Aspernatur quae nihil omnis laudantium non cumque.', 5, '2018-06-13 05:35:10', '2018-06-13 05:35:10'),
(9, 54, 'Nettie Skiles', 'Et commodi non enim eos mollitia voluptas dicta natus. Ut dolore reiciendis numquam unde eaque. Rem natus nihil dolor quis. Quos non et consequatur nulla velit.', 2, '2018-06-13 05:35:10', '2018-06-13 05:35:10'),
(10, 19, 'Dr. Blaise Wiza II', 'Sed molestiae est aut perspiciatis qui quia. Modi occaecati facere eveniet qui omnis vel atque. Vero a facere et voluptatem nesciunt sunt vero.', 5, '2018-06-13 05:35:10', '2018-06-13 05:35:10'),
(11, 86, 'Zola Lowe', 'Numquam voluptate sint ipsum soluta. Veniam expedita nemo pariatur aliquam sequi architecto sit. Nam nemo illum quis fugiat quis non. Sit et vel ipsa corporis magni quis repellat sint. Nulla placeat et deserunt autem nisi.', 1, '2018-06-13 05:35:10', '2018-06-13 05:35:10'),
(12, 21, 'Raymundo Welch I', 'Natus qui fugit suscipit et itaque. Architecto voluptas est incidunt. Consequatur quidem in tenetur omnis.', 2, '2018-06-13 05:35:10', '2018-06-13 05:35:10'),
(13, 59, 'Dejuan O''Kon', 'Reprehenderit possimus omnis rerum est maiores et possimus. Praesentium officia debitis et totam placeat. Ipsam ad doloremque fuga sequi doloribus in culpa. Molestiae provident possimus ut reiciendis.', 1, '2018-06-13 05:35:10', '2018-06-13 05:35:10'),
(14, 12, 'Lonnie Fritsch', 'Et fugit ad voluptas quisquam et quia saepe quia. Voluptas ab et sint nam reprehenderit. Quis veritatis repudiandae molestiae qui.', 1, '2018-06-13 05:35:10', '2018-06-13 05:35:10'),
(15, 89, 'Claudie Durgan DVM', 'Deleniti optio est recusandae expedita hic qui. Cumque nemo natus aut. Quia est vitae ad cumque repudiandae soluta sint odit.', 4, '2018-06-13 05:35:10', '2018-06-13 05:35:10'),
(16, 43, 'Mr. Urban Fritsch', 'Praesentium voluptate repellat voluptas. Cumque magni illo placeat odio reiciendis aliquam eaque. Rerum velit velit ut.', 3, '2018-06-13 05:35:10', '2018-06-13 05:35:10'),
(17, 45, 'Bernadette Durgan', 'Aspernatur perspiciatis iusto non voluptate quis. A autem accusantium fuga architecto quaerat recusandae quidem et. Pariatur qui dolorem non eveniet qui ut molestias.', 4, '2018-06-13 05:35:11', '2018-06-13 05:35:11'),
(18, 91, 'Dr. Taurean Mraz MD', 'Rem voluptates dolor qui quo voluptas. Quod non ut voluptatem vel consequatur. Qui aliquam explicabo necessitatibus illum eum sit.', 3, '2018-06-13 05:35:11', '2018-06-13 05:35:11'),
(19, 61, 'Waldo Tillman', 'Cum doloremque praesentium explicabo. Iusto qui et voluptas voluptas eius aut. Odio quo et eveniet eum fugiat. Nam facilis neque mollitia saepe.', 1, '2018-06-13 05:35:11', '2018-06-13 05:35:11'),
(20, 36, 'Maureen Krajcik', 'Quod omnis eos amet. Quisquam nulla iusto quae quo minima quo. Atque asperiores animi aut omnis molestiae eos quia. Nostrum ut facere nulla non.', 5, '2018-06-13 05:35:11', '2018-06-13 05:35:11'),
(21, 62, 'Dr. Columbus Rempel', 'Similique non ad neque quibusdam quia. Vel sunt nam molestiae sed atque. Omnis laborum quis veniam voluptatibus nobis.', 5, '2018-06-13 05:35:11', '2018-06-13 05:35:11'),
(22, 88, 'Chelsey Pouros', 'Tempora sed voluptatem consequatur debitis dignissimos. Necessitatibus aut ut magnam. Doloremque ut et vero sit quis perspiciatis atque.', 3, '2018-06-13 05:35:11', '2018-06-13 05:35:11'),
(23, 60, 'Alvena Kihn DVM', 'Perspiciatis unde autem ea alias odit quia sed. Omnis qui est nulla possimus. Fugit dicta error officia recusandae aut.', 3, '2018-06-13 05:35:11', '2018-06-13 05:35:11'),
(24, 62, 'Jaclyn Hickle', 'Ipsa porro fugit id est tempore est illum. Est rerum rerum velit recusandae. Quam et atque in sint non sed. Doloribus dolores praesentium omnis minima.', 5, '2018-06-13 05:35:11', '2018-06-13 05:35:11'),
(25, 96, 'Prof. Yasmine O''Kon IV', 'Dignissimos rerum dolor est aut. Non cum sed sint maiores optio.', 2, '2018-06-13 05:35:11', '2018-06-13 05:35:11'),
(26, 27, 'Crystel Kozey', 'Rerum aperiam reiciendis et. Quisquam dolorem et molestiae unde sunt cupiditate ab quas. Deleniti blanditiis magni reiciendis eligendi cum voluptas.', 3, '2018-06-13 05:35:11', '2018-06-13 05:35:11'),
(27, 25, 'Maude Adams', 'Mollitia aut delectus et eum consequatur. Quia odit iste qui dolores. Aut et itaque quisquam architecto sint.', 1, '2018-06-13 05:35:11', '2018-06-13 05:35:11'),
(28, 34, 'Mrs. Ariane Oberbrunner DVM', 'Aut quis voluptas voluptatibus voluptas voluptatem sed ea. Quibusdam commodi minus est quisquam quia. Quo est temporibus et architecto deleniti sit et. Officiis rem mollitia ipsa.', 3, '2018-06-13 05:35:11', '2018-06-13 05:35:11'),
(29, 72, 'Mrs. Alanis Tremblay DDS', 'Repudiandae id temporibus ex quo maxime. Et dolores ut animi officia sed. In quos rerum iusto.', 4, '2018-06-13 05:35:11', '2018-06-13 05:35:11'),
(30, 70, 'Loraine Schuppe', 'Unde quis explicabo illum nisi dignissimos dignissimos. Tenetur voluptas dolore molestiae reprehenderit quia quia. Eos placeat eos blanditiis dolorem sed et qui sequi.', 4, '2018-06-13 05:35:11', '2018-06-13 05:35:11'),
(31, 49, 'Nelda Schroeder', 'Impedit consectetur ut dolore et suscipit et in. Occaecati praesentium quam quasi nam rerum illo et. Autem commodi et nemo facere. Tenetur aut expedita ad rerum.', 3, '2018-06-13 05:35:11', '2018-06-13 05:35:11'),
(32, 48, 'Nelson Goldner', 'Culpa explicabo ex cupiditate ab. Modi quis officia eum ut. Qui ullam sunt beatae exercitationem quia aut. Deserunt et rerum quaerat laudantium voluptas occaecati tempore. Repellendus dolores quia adipisci.', 3, '2018-06-13 05:35:12', '2018-06-13 05:35:12'),
(33, 9, 'Piper Will', 'Minus voluptas eveniet consequuntur deleniti. Nostrum illum nulla doloremque accusamus maiores laudantium nam eligendi. Nostrum accusamus velit molestiae corrupti.', 4, '2018-06-13 05:35:12', '2018-06-13 05:35:12'),
(34, 69, 'Ms. Leta Feest', 'Officia qui ullam quidem necessitatibus. Id minus omnis ullam corrupti. Nihil magni deserunt libero vel commodi alias aperiam.', 5, '2018-06-13 05:35:12', '2018-06-13 05:35:12'),
(35, 46, 'Keshaun Howe', 'Placeat natus quae hic est. Labore rem sint magnam voluptates autem omnis. Et omnis sed aspernatur voluptates qui quaerat quia. Ex cupiditate occaecati fugiat fugit qui.', 5, '2018-06-13 05:35:12', '2018-06-13 05:35:12'),
(36, 35, 'Art Bode', 'Occaecati tenetur eos amet repellat sit consequatur. Accusamus non ea non. Voluptatem non modi impedit aspernatur odio sunt nisi rerum. Aut cupiditate repudiandae magnam quae odit.', 5, '2018-06-13 05:35:12', '2018-06-13 05:35:12'),
(37, 47, 'Jaida Anderson', 'Officiis ipsum sit fuga necessitatibus blanditiis. Et ratione aliquam occaecati omnis quam numquam. Recusandae autem fugit unde sed. Quisquam saepe et laudantium omnis sit cum quo.', 3, '2018-06-13 05:35:12', '2018-06-13 05:35:12'),
(38, 78, 'Mrs. Golda Huel', 'Nihil odio pariatur sapiente voluptates odio. Cumque consequuntur explicabo velit provident quia enim. Eveniet expedita et eos assumenda.', 5, '2018-06-13 05:35:12', '2018-06-13 05:35:12'),
(39, 67, 'Torrance Haag', 'Nihil dolor non necessitatibus reprehenderit nobis molestiae. Ea sit occaecati ut voluptatem eos. Corporis eos consequuntur enim veritatis veniam.', 2, '2018-06-13 05:35:12', '2018-06-13 05:35:12'),
(40, 70, 'Araceli Gutmann', 'Debitis consequatur sequi enim est tempore rerum. Molestias dignissimos modi non odit quasi et eos. Dolores perspiciatis id porro voluptate dolorem consequatur voluptatum. Voluptatum dolorum sit facilis ea.', 4, '2018-06-13 05:35:12', '2018-06-13 05:35:12'),
(41, 45, 'Kobe Aufderhar', 'Sit nesciunt voluptas necessitatibus sed voluptas explicabo sit. Odio fugiat vel sunt quis et voluptatem. Quo iste officia id sunt.', 3, '2018-06-13 05:35:12', '2018-06-13 05:35:12'),
(42, 34, 'Elta Klein DVM', 'Ut ut repudiandae qui sunt id non officiis facere. Illum iusto sunt aut placeat sint autem in. Sint dicta vitae aut quo perferendis a. Accusantium voluptas molestiae doloribus placeat est dolorum itaque.', 4, '2018-06-13 05:35:12', '2018-06-13 05:35:12'),
(43, 27, 'Isabella Hodkiewicz', 'Cum accusantium animi nobis quibusdam ab cumque. Magni voluptates fugit quis illum labore. Dolor et aut earum inventore aut asperiores et quibusdam. Sed impedit voluptatem perspiciatis esse nostrum magnam quas sunt.', 2, '2018-06-13 05:35:12', '2018-06-13 05:35:12'),
(44, 6, 'Alexanne Stanton', 'Modi dolorem odit et repellat sunt. Eos excepturi et ut. Impedit optio dolorem quaerat illo nobis.', 3, '2018-06-13 05:35:12', '2018-06-13 05:35:12'),
(45, 56, 'Beverly Nienow', 'Dolorum quia et ipsum consequatur ut molestiae non. Impedit molestiae et iste assumenda vel totam et. Enim voluptatem qui ad consequuntur ut in.', 4, '2018-06-13 05:35:12', '2018-06-13 05:35:12'),
(46, 75, 'Madisyn Beatty', 'Expedita facilis eum quia quaerat ad neque. Cum sequi aut aliquam necessitatibus. Cupiditate voluptates recusandae possimus consequatur nisi laboriosam. Quam repellendus unde sit.', 4, '2018-06-13 05:35:12', '2018-06-13 05:35:12'),
(47, 100, 'Brandt Hermiston', 'Velit et nemo qui quia et. Libero nihil minima error dolor quam aperiam. Et ut et quisquam autem eius adipisci. Veritatis aperiam commodi dolores ipsam necessitatibus ea.', 5, '2018-06-13 05:35:12', '2018-06-13 05:35:12'),
(48, 68, 'Prof. Bo Conroy', 'Aspernatur quae animi iste doloribus aut. Temporibus et laboriosam nemo. Quos molestias esse et inventore aliquid impedit minus. Ut voluptas temporibus sint fugit ex quae est.', 5, '2018-06-13 05:35:12', '2018-06-13 05:35:12'),
(49, 53, 'Dr. Deshaun Goodwin', 'Soluta ullam aspernatur voluptas. Quia placeat dignissimos aliquid nulla. Hic eveniet quod dolor perspiciatis rem et numquam.', 4, '2018-06-13 05:35:12', '2018-06-13 05:35:12'),
(50, 65, 'Mrs. Alena Rogahn', 'Sapiente et eius veritatis fugit dolor magnam. Quo deserunt ab maiores.', 3, '2018-06-13 05:35:12', '2018-06-13 05:35:12'),
(51, 86, 'Peggie Bartoletti II', 'Iure dicta repudiandae fugit omnis. Qui praesentium sed doloremque sed possimus praesentium. Itaque consequatur dolorem vel qui soluta expedita veniam illum. Minima officiis nemo occaecati molestias iusto. Quibusdam consectetur voluptates delectus ratione autem et quos.', 4, '2018-06-13 05:35:12', '2018-06-13 05:35:12'),
(52, 37, 'Lou Franecki', 'Quis amet quo et aut cupiditate et quia. Enim iure aliquid dolor velit optio in expedita. Voluptatem esse quod quaerat esse sunt.', 5, '2018-06-13 05:35:13', '2018-06-13 05:35:13'),
(53, 4, 'Landen Hermann', 'Velit tempore molestiae consequatur itaque delectus. Quo ratione dolores vel atque laboriosam ab. Assumenda et dolor ea.', 2, '2018-06-13 05:35:13', '2018-06-13 05:35:13'),
(54, 83, 'Daisy Hand', 'Ab omnis quia id doloremque beatae ea magni. Cupiditate ut dolorem nemo ea consectetur. Voluptatem laborum odit animi blanditiis provident nam.', 2, '2018-06-13 05:35:13', '2018-06-13 05:35:13'),
(55, 28, 'Nichole Klein', 'Eos magni consequatur in velit. Non error sed dolorem ullam autem ducimus laboriosam illum.', 5, '2018-06-13 05:35:13', '2018-06-13 05:35:13'),
(56, 60, 'Jalon Wiegand', 'Sint non omnis odio quas sed. Eveniet eum architecto reprehenderit sapiente atque voluptatem est. Accusamus laboriosam expedita nobis repellat.', 1, '2018-06-13 05:35:13', '2018-06-13 05:35:13'),
(57, 76, 'Noemie Mertz', 'Ut iure natus magni officia nam excepturi. Aut repudiandae harum fuga officia dolores autem et. Natus at excepturi ut voluptatem voluptatem. Et quos laboriosam adipisci quo repellendus.', 3, '2018-06-13 05:35:13', '2018-06-13 05:35:13'),
(58, 61, 'Tressa Bednar', 'Facere sed consequatur omnis deserunt. Est voluptatem sed in vitae impedit. Dicta quia aut impedit veritatis rem consequuntur accusantium ab. Laudantium ea commodi consequuntur in dolorem deserunt enim.', 5, '2018-06-13 05:35:13', '2018-06-13 05:35:13'),
(59, 69, 'Dr. Keshawn Weissnat II', 'Aut minus itaque voluptatem voluptates neque. Impedit pariatur rem explicabo tempora quos id maxime animi. Qui expedita quia atque dolor aut ab quia rerum.', 1, '2018-06-13 05:35:13', '2018-06-13 05:35:13'),
(60, 37, 'Alene Renner', 'Dolorem recusandae eos deserunt sunt dignissimos autem. Minus omnis possimus quia quod. Ut accusantium delectus sit sed officia placeat rerum quae. Dolorem delectus nobis reprehenderit voluptas.', 2, '2018-06-13 05:35:13', '2018-06-13 05:35:13'),
(61, 36, 'Mr. Holden Pollich DVM', 'Aspernatur eligendi officiis sapiente cum et occaecati. Atque ut tempore porro et expedita ea. Quos dolor adipisci recusandae quisquam expedita eos. Omnis est est est sit.', 4, '2018-06-13 05:35:13', '2018-06-13 05:35:13'),
(62, 72, 'Robbie Haag', 'Maxime exercitationem odio molestiae. Ratione voluptas vel doloremque. Molestiae architecto quia esse dolores rerum. Eaque eligendi ratione voluptatibus accusantium possimus adipisci.', 3, '2018-06-13 05:35:13', '2018-06-13 05:35:13'),
(63, 70, 'Adela Prosacco', 'Non nesciunt qui velit ut maxime. Aliquam et aut aut mollitia perspiciatis illo. Rerum incidunt sit harum architecto dolores.', 5, '2018-06-13 05:35:13', '2018-06-13 05:35:13'),
(64, 17, 'Prof. Vaughn Reilly DVM', 'Hic molestiae atque et ratione sed. Ipsum consequatur atque distinctio. Debitis maiores commodi culpa qui.', 4, '2018-06-13 05:35:13', '2018-06-13 05:35:13'),
(65, 51, 'Ms. Alejandra Ankunding IV', 'Ipsam quia nobis quam alias voluptas. Molestiae exercitationem repudiandae repellendus autem qui dolores ea.', 1, '2018-06-13 05:35:13', '2018-06-13 05:35:13'),
(66, 28, 'Prof. Aidan Satterfield II', 'Eos facere sed aut. Dolores dolores quae voluptatem hic molestiae vero. Ipsa laboriosam laborum non aut vel ipsum molestiae.', 2, '2018-06-13 05:35:13', '2018-06-13 05:35:13'),
(67, 31, 'Kali Rath', 'Et tenetur repellendus harum laboriosam fuga voluptatem id ipsum. Enim ut ducimus sint placeat laboriosam similique totam quod. Corrupti omnis suscipit qui non sequi dolores quibusdam.', 4, '2018-06-13 05:35:13', '2018-06-13 05:35:13'),
(68, 62, 'Earnestine McGlynn', 'Molestias sint animi repellendus magni qui. Quisquam dolor numquam porro commodi non. Et aut magni tempore praesentium aut doloremque iure.', 2, '2018-06-13 05:35:13', '2018-06-13 05:35:13'),
(69, 5, 'Ms. Vanessa Graham', 'Temporibus velit nulla natus. Nemo cumque assumenda suscipit rerum inventore labore est. Fuga sed culpa quis eaque ea nulla.', 3, '2018-06-13 05:35:13', '2018-06-13 05:35:13'),
(70, 41, 'Xander Doyle', 'Optio deserunt quis sed vel eum. Quia ea harum velit dolores. Inventore enim sed animi qui.', 2, '2018-06-13 05:35:13', '2018-06-13 05:35:13'),
(71, 76, 'Prof. Bernard Bashirian I', 'Doloribus pariatur et est non sit explicabo. Quae dolorum sapiente odio. Doloribus soluta et vel ipsa sint eveniet voluptatum.', 1, '2018-06-13 05:35:13', '2018-06-13 05:35:13'),
(72, 39, 'Skyla Ernser', 'Aperiam nobis qui maiores sunt. Aspernatur pariatur expedita ratione quo perspiciatis. Sed ea architecto mollitia ut similique quia. Animi dignissimos amet rerum perferendis incidunt numquam quia.', 1, '2018-06-13 05:35:13', '2018-06-13 05:35:13'),
(73, 100, 'Brain Bins', 'Illo ex id autem numquam et. Quis temporibus voluptas saepe est deserunt. Commodi facere est est et. Cumque amet est facilis perspiciatis.', 4, '2018-06-13 05:35:13', '2018-06-13 05:35:13'),
(74, 56, 'Jean Armstrong', 'Fugiat non qui beatae animi rerum ut. Ab in perspiciatis quo nemo asperiores sequi est. Qui et et sed aut. Molestiae et ducimus nihil non.', 1, '2018-06-13 05:35:13', '2018-06-13 05:35:13'),
(75, 86, 'Alisa Denesik I', 'Nostrum temporibus dolor dolorum aspernatur quibusdam mollitia. Exercitationem dignissimos modi soluta quia ut omnis sapiente.', 2, '2018-06-13 05:35:14', '2018-06-13 05:35:14'),
(76, 63, 'Mrs. Adela Heller', 'Quidem aperiam omnis consequatur rerum. Animi incidunt debitis asperiores qui saepe. Magni maiores tempore illum veniam accusantium voluptate libero. Id rerum soluta non nihil.', 4, '2018-06-13 05:35:14', '2018-06-13 05:35:14'),
(77, 47, 'Rigoberto McClure IV', 'Et magni perferendis distinctio dignissimos optio et. Sed illum eaque et deserunt id corrupti commodi. Ex eos harum et possimus quia. Non et eligendi voluptatum dicta nihil.', 1, '2018-06-13 05:35:14', '2018-06-13 05:35:14'),
(78, 19, 'Asa Smitham', 'Autem blanditiis ut sed maiores. Ut sed sunt magnam quis sunt aliquam autem odio. Nihil eius laboriosam aut autem a recusandae eum eos.', 2, '2018-06-13 05:35:14', '2018-06-13 05:35:14'),
(79, 41, 'Columbus Zboncak', 'Adipisci autem sit necessitatibus. Sequi quo tenetur aliquam iste dolore. Non earum aspernatur ut qui. Voluptate veniam blanditiis nemo facere totam. At voluptas alias qui neque deleniti minima voluptates.', 1, '2018-06-13 05:35:14', '2018-06-13 05:35:14'),
(80, 45, 'Sophie Robel', 'Inventore accusamus ipsum quidem itaque possimus quo. Ut nihil magnam fugit eaque quis est recusandae maxime. Temporibus veniam architecto dolores inventore quam in sunt. Iste placeat voluptatem aut libero qui ab accusantium. Debitis nemo qui quaerat qui tenetur molestiae reiciendis.', 5, '2018-06-13 05:35:14', '2018-06-13 05:35:14'),
(81, 9, 'Terrance Herzog', 'Explicabo repellendus non eveniet ut optio. Aut aliquam eos quia molestias facere molestiae ipsa. Est atque adipisci deleniti. Ipsa sunt error quia nihil nulla.', 2, '2018-06-13 05:35:14', '2018-06-13 05:35:14'),
(82, 62, 'Mr. Cody Leannon IV', 'Voluptas quasi soluta enim aut voluptatem. Quaerat repellendus excepturi facere. Adipisci et excepturi mollitia. Eaque quis labore accusamus ipsam sit et.', 2, '2018-06-13 05:35:14', '2018-06-13 05:35:14'),
(83, 64, 'Scot Altenwerth', 'Pariatur iusto dolorem voluptatem voluptatem quos. Voluptates pariatur alias ut cupiditate. Repudiandae doloremque velit ea neque qui explicabo.', 2, '2018-06-13 05:35:14', '2018-06-13 05:35:14'),
(84, 63, 'Christelle DuBuque', 'Eum consectetur asperiores placeat et ea quo accusamus voluptatem. Placeat ab reiciendis totam quia. Nulla voluptas sint vero et.', 3, '2018-06-13 05:35:14', '2018-06-13 05:35:14'),
(85, 7, 'Deonte Heller', 'Nostrum sit voluptas voluptas quisquam qui sunt vel. Voluptas tenetur temporibus est odio deserunt est sed.', 1, '2018-06-13 05:35:14', '2018-06-13 05:35:14'),
(86, 56, 'Vince Kunde', 'In repellat voluptatum et asperiores tempore sunt aliquid omnis. Ipsum in repellat velit sed. Minima dolor voluptatem ut dolor ex voluptates est. Nesciunt sed vero tenetur autem sequi quaerat voluptatem.', 3, '2018-06-13 05:35:14', '2018-06-13 05:35:14'),
(87, 1, 'Emely Harber', 'Amet natus odit enim sequi. Sed facere est quasi beatae ipsam. Officia beatae doloremque enim voluptatem dolor voluptatem expedita. Excepturi laborum non odit est fuga est sint. Perspiciatis totam in dolorem voluptas.', 2, '2018-06-13 05:35:14', '2018-06-13 05:35:14'),
(88, 51, 'Viola Johnson', 'Et repellendus rerum maiores fugit aut consequatur mollitia. Quis sequi ex magnam voluptatem doloribus quisquam. Ut quas labore aut et.', 3, '2018-06-13 05:35:14', '2018-06-13 05:35:14'),
(89, 21, 'Noelia Hintz', 'Nesciunt nulla maiores ut porro ipsa autem. Nulla amet sapiente omnis. Eveniet voluptatem quam quos veritatis. Et accusantium enim sed est molestiae. Illo numquam assumenda aut repellendus qui excepturi.', 5, '2018-06-13 05:35:14', '2018-06-13 05:35:14'),
(90, 28, 'Otho Hermann', 'Voluptatem quo et aliquam sunt sunt cumque eaque aut. Officia sit dolores aliquam. Nulla itaque ipsa atque similique.', 4, '2018-06-13 05:35:14', '2018-06-13 05:35:14'),
(91, 94, 'Mrs. Kristina Turner III', 'Repellat cum voluptas reiciendis at molestias quasi laboriosam. Ipsam amet corrupti quae fuga debitis ut quis. Facere ipsa quia consequuntur eligendi eum. Unde recusandae veniam doloremque numquam.', 5, '2018-06-13 05:35:14', '2018-06-13 05:35:14'),
(92, 60, 'Mr. Vernon Hickle', 'Dignissimos id facilis et rem magni ratione ratione. Officiis hic nobis reprehenderit. Necessitatibus qui voluptatem voluptas saepe praesentium exercitationem esse.', 3, '2018-06-13 05:35:14', '2018-06-13 05:35:14'),
(93, 22, 'Rylan Kirlin', 'In quasi nulla expedita ut. Facere nihil sed culpa eos nihil. Dolores quas non voluptates modi suscipit dolorem minima ipsum.', 1, '2018-06-13 05:35:14', '2018-06-13 05:35:14'),
(94, 32, 'Collin Bartell II', 'Minus nam cum commodi explicabo incidunt voluptatem quas. Molestiae et vel ut rem. Sit esse sunt nisi omnis aspernatur ut possimus dignissimos. Perferendis excepturi sed perspiciatis consectetur. Aut deleniti modi non natus vero ducimus soluta.', 1, '2018-06-13 05:35:14', '2018-06-13 05:35:14'),
(95, 62, 'Prof. Karianne Schuppe MD', 'Voluptatem rerum vero ut accusamus consequuntur officiis ut. Rerum sequi maxime nemo odio modi autem. Commodi a eveniet corporis est.', 5, '2018-06-13 05:35:14', '2018-06-13 05:35:14'),
(96, 33, 'Vincenzo Cronin Jr.', 'Distinctio aut iure non aut ex rerum. Tenetur repellendus voluptas quae veritatis. Est non iusto labore rem sit molestias.', 3, '2018-06-13 05:35:14', '2018-06-13 05:35:14'),
(97, 1, 'Mr. Ruben Daugherty DVM', 'Temporibus culpa rerum explicabo iste ad ut. Sequi aut dolores in. Rerum aut ratione vel eos.', 3, '2018-06-13 05:35:14', '2018-06-13 05:35:14'),
(98, 36, 'Golden Anderson', 'Atque ex consequuntur dolorem adipisci facilis quia quia explicabo. Eligendi velit harum rerum nemo sint expedita. Cumque officiis quis ipsa tempora repudiandae. Deserunt occaecati enim distinctio quia officiis atque voluptas.', 3, '2018-06-13 05:35:14', '2018-06-13 05:35:14'),
(99, 13, 'Dr. Veda Smitham', 'Rem ullam soluta eligendi vitae ipsa. Tempora vel voluptate aut harum omnis deserunt. Commodi molestiae dicta dolor est. Laborum occaecati doloremque voluptatem.', 4, '2018-06-13 05:35:14', '2018-06-13 05:35:14'),
(100, 94, 'Dr. Brant Jaskolski DDS', 'Nobis repudiandae quis numquam blanditiis quas omnis. Odit iste quae necessitatibus nisi totam perferendis pariatur. Minima similique quam nihil rerum quasi fugit.', 3, '2018-06-13 05:35:15', '2018-06-13 05:35:15'),
(101, 81, 'Antone Lueilwitz', 'Ut ad quo in perspiciatis. Illum dolor aut dolorum qui. Ex quo voluptatum quis distinctio. Harum corporis nemo quod.', 3, '2018-06-13 05:35:15', '2018-06-13 05:35:15'),
(102, 87, 'Carmel Funk', 'Sunt asperiores unde quisquam inventore voluptatem aspernatur. Nesciunt aliquid fuga voluptatem neque eos animi non. Aut sed aut impedit nihil illum numquam a. Et reprehenderit quos vero odio eveniet minus.', 1, '2018-06-13 05:35:15', '2018-06-13 05:35:15'),
(103, 67, 'Alison Zieme', 'Amet placeat dolorum reprehenderit veritatis voluptatem eos qui vel. Quos modi qui dignissimos voluptatibus fuga cum. Provident aliquid odio distinctio voluptates deleniti veniam.', 3, '2018-06-13 05:35:15', '2018-06-13 05:35:15'),
(104, 13, 'Ms. Shannon Kautzer MD', 'Quidem voluptate vel unde qui dolores officia tenetur. Consequatur sed blanditiis reiciendis tempore. Temporibus ducimus similique harum enim. Sunt in numquam odio qui aperiam tempore. Officiis quis dolores consequuntur consequatur sit ut numquam.', 1, '2018-06-13 05:35:15', '2018-06-13 05:35:15'),
(105, 49, 'Miss Twila Smitham', 'Tempora amet earum in odit rerum quidem. Aspernatur ad at quasi repellat voluptatem.', 5, '2018-06-13 05:35:15', '2018-06-13 05:35:15'),
(106, 81, 'Ms. Vivianne Kub', 'Quaerat suscipit vel libero ea earum porro. Dolorum minus et labore aut odio. Ut qui molestias nostrum mollitia quia magnam. Voluptatibus maiores dolore expedita ut nihil sunt.', 4, '2018-06-13 05:35:15', '2018-06-13 05:35:15'),
(107, 86, 'Tyson Hammes', 'Reiciendis quod aut vel. Architecto eaque enim illum vel laboriosam aut similique possimus. Voluptatem ipsa est ad distinctio excepturi fuga. Ut dolorum quibusdam veritatis sed id.', 1, '2018-06-13 05:35:15', '2018-06-13 05:35:15'),
(108, 23, 'Devante Larkin', 'Ut dolore quidem facere ullam id ipsam consequatur. Maiores quia sequi asperiores aspernatur. Non est voluptatem autem qui. Culpa consequuntur iusto error qui omnis sequi nemo.', 4, '2018-06-13 05:35:15', '2018-06-13 05:35:15'),
(109, 88, 'Alf Tillman', 'Totam sit tempore quia maiores earum magnam. Culpa laboriosam consequatur illo nulla praesentium distinctio. Dolorum distinctio corporis beatae consequatur. Ab veritatis molestias commodi placeat consequatur.', 4, '2018-06-13 05:35:15', '2018-06-13 05:35:15'),
(110, 13, 'Prof. Easter Jacobson V', 'Nulla non voluptatem nulla non. Cumque quisquam rerum sint qui assumenda. Consequuntur omnis magni dolorem. Repellendus enim recusandae quia repudiandae nemo.', 2, '2018-06-13 05:35:15', '2018-06-13 05:35:15'),
(111, 69, 'Bernita Hoppe', 'Officia temporibus minus consequatur error quam quisquam non. Odit provident ut optio deleniti ut quia. Laudantium placeat asperiores itaque ea consectetur et temporibus maiores.', 5, '2018-06-13 05:35:15', '2018-06-13 05:35:15'),
(112, 90, 'Mr. Kareem Langosh', 'Enim doloribus quo qui a quisquam hic reiciendis. Harum et voluptatem deleniti id mollitia iusto nulla. Id a in quia.', 3, '2018-06-13 05:35:15', '2018-06-13 05:35:15'),
(113, 29, 'Dr. Ford Kshlerin', 'Animi voluptatum distinctio et. Accusantium atque aut vitae quidem. Ut eos veritatis quae. Eos nihil nam et omnis dolores iure maiores. Earum quae libero excepturi incidunt consequatur.', 1, '2018-06-13 05:35:15', '2018-06-13 05:35:15'),
(114, 69, 'Mr. Devan Cassin II', 'Quis dolores consequatur rerum dolores exercitationem at et. Cupiditate modi quaerat sed sunt et natus sunt. Eveniet quaerat magni atque eos.', 5, '2018-06-13 05:35:15', '2018-06-13 05:35:15'),
(115, 90, 'Prof. Kitty Reinger II', 'Id eum aliquid ut et repellendus ad quia. Quisquam eligendi harum dolore qui. Nam ab totam rerum pariatur. Quam numquam est aut.', 2, '2018-06-13 05:35:15', '2018-06-13 05:35:15'),
(116, 83, 'Pearlie Conn', 'Amet hic quia eveniet blanditiis. Iure voluptatem quis doloribus quia nihil error. Cupiditate quis nihil odio est et est.', 3, '2018-06-13 05:35:15', '2018-06-13 05:35:15'),
(117, 11, 'Ms. Rosalyn Runte', 'Blanditiis ea dignissimos dolores autem ut corrupti provident perspiciatis. Voluptatem quis accusamus non veritatis impedit. Vero incidunt voluptatem sed laboriosam cupiditate. Rerum distinctio aperiam nemo in accusantium eius.', 1, '2018-06-13 05:35:15', '2018-06-13 05:35:15'),
(118, 11, 'Rico Lehner', 'Sunt qui impedit earum sequi exercitationem distinctio est. Eos inventore quis numquam maiores voluptatem blanditiis. Eos et facilis dicta est voluptas aperiam. Sint in rem facilis blanditiis ex in dignissimos.', 2, '2018-06-13 05:35:15', '2018-06-13 05:35:15'),
(119, 21, 'Marcelina Wintheiser', 'Quam vero incidunt voluptatum natus quam libero et. Esse officiis reiciendis ut nulla et. Sed est cumque magnam dicta cumque necessitatibus. Excepturi omnis suscipit cumque.', 1, '2018-06-13 05:35:15', '2018-06-13 05:35:15'),
(120, 68, 'Maggie Wuckert', 'Sed voluptatum quidem voluptates praesentium aliquam. Ad et autem vel.', 3, '2018-06-13 05:35:16', '2018-06-13 05:35:16'),
(121, 34, 'Oran Stoltenberg', 'Dolorem perferendis perferendis ipsum velit eos. Labore sint et quia quis fuga mollitia autem. Enim et sed ipsam aliquid.', 3, '2018-06-13 05:35:16', '2018-06-13 05:35:16'),
(122, 36, 'Dr. Louie Gislason', 'Labore inventore veniam natus earum ut nihil. Explicabo distinctio et inventore vitae veritatis accusamus aliquam. Id excepturi eaque id.', 1, '2018-06-13 05:35:16', '2018-06-13 05:35:16'),
(123, 34, 'Cornell Crist', 'Qui laborum ipsum ducimus sit repellendus non. Culpa illo rerum est quo quisquam totam repellat.', 4, '2018-06-13 05:35:16', '2018-06-13 05:35:16'),
(124, 67, 'Mrs. Glenda Harber', 'Omnis illo alias itaque sequi quos ut. Laborum vitae natus quis ut qui tempora ipsam. Corrupti magni aut omnis excepturi ut omnis. Qui doloribus perspiciatis molestias eius autem quasi autem.', 2, '2018-06-13 05:35:16', '2018-06-13 05:35:16'),
(125, 5, 'Dr. Wellington Bogan I', 'Eligendi culpa suscipit distinctio maxime veritatis corporis cumque sequi. Veritatis praesentium repudiandae similique qui quisquam qui consequatur. Sed voluptatem quisquam tempora tempora rerum quas aut sit.', 4, '2018-06-13 05:35:16', '2018-06-13 05:35:16'),
(126, 13, 'Triston Stiedemann', 'Est in id sint veniam beatae qui odit. Et aspernatur pariatur qui et recusandae architecto modi natus. Non ut deleniti labore sit esse pariatur omnis sapiente. Quia corrupti cum mollitia aut enim non.', 1, '2018-06-13 05:35:16', '2018-06-13 05:35:16'),
(127, 79, 'Mr. Ambrose Hickle', 'Est at modi ut ea est. Voluptatem voluptatem unde dolores non dolorem. Non recusandae et sunt ut. Ipsa sint qui error rerum.', 2, '2018-06-13 05:35:16', '2018-06-13 05:35:16'),
(128, 23, 'Mrs. Therese Bashirian PhD', 'Voluptate tenetur assumenda maxime aut dolorum. Tempore quo voluptatem provident inventore enim. Consequatur tempora accusamus labore dignissimos iusto natus. Sed voluptatem porro autem cumque.', 2, '2018-06-13 05:35:16', '2018-06-13 05:35:16'),
(129, 60, 'Taurean Skiles', 'Velit autem aut doloribus voluptates enim. Ipsum totam sint quam sed architecto quos. Rem veniam eveniet aut deleniti quo ut pariatur.', 3, '2018-06-13 05:35:16', '2018-06-13 05:35:16'),
(130, 85, 'Yasmin Stanton', 'Rerum sequi vel id doloremque perspiciatis alias. Ut omnis iste odio deleniti nesciunt. Quis qui dolor fugiat occaecati eos.', 2, '2018-06-13 05:35:16', '2018-06-13 05:35:16'),
(131, 35, 'Ms. Cordia Fay PhD', 'Aliquam velit repellat numquam ipsam deleniti dolor non. Recusandae inventore eaque at ducimus molestiae eaque sunt. Deserunt quisquam et molestias est hic.', 3, '2018-06-13 05:35:16', '2018-06-13 05:35:16'),
(132, 67, 'Hans Jakubowski Sr.', 'Molestias culpa nihil aut qui consectetur. Doloremque harum aut minus nihil ut est suscipit. Praesentium voluptatibus sit error aspernatur quis. Quis itaque quo et amet amet. Ut ad eaque nisi deserunt.', 3, '2018-06-13 05:35:16', '2018-06-13 05:35:16'),
(133, 29, 'Joana Renner', 'Molestiae repudiandae corporis architecto dignissimos quisquam recusandae aut. Eum sequi quisquam esse est delectus repellendus qui. Et incidunt impedit ea ipsa qui ab sunt.', 2, '2018-06-13 05:35:16', '2018-06-13 05:35:16'),
(134, 26, 'Adrien Larson', 'Architecto iste quibusdam velit excepturi dolorem. Aut molestiae placeat molestiae sunt est est. Qui mollitia corrupti debitis dicta reiciendis.', 2, '2018-06-13 05:35:16', '2018-06-13 05:35:16'),
(135, 71, 'Stephanie Beatty', 'Nam tenetur est quisquam laudantium perspiciatis quo aliquid. Est quia ipsam quo saepe quibusdam. Reiciendis et autem voluptatem nam sed. Quod dolorum et odit ut maxime.', 1, '2018-06-13 05:35:16', '2018-06-13 05:35:16'),
(136, 37, 'Ms. Giovanna Ledner Jr.', 'Et eveniet aperiam qui facilis vel. Fuga sunt distinctio dolores adipisci enim libero. Sint repudiandae ea voluptatibus vel consequatur. Aut consequuntur eligendi pariatur tenetur est alias perferendis.', 4, '2018-06-13 05:35:16', '2018-06-13 05:35:16'),
(137, 92, 'Lizeth Crona Sr.', 'Sit aliquid animi veniam voluptatem nesciunt enim. Et quos ut atque ullam earum. Et possimus minima iusto in rerum.', 5, '2018-06-13 05:35:16', '2018-06-13 05:35:16'),
(138, 44, 'Maximus Luettgen', 'Debitis quia occaecati ut in expedita quia. Sunt iure error nulla non necessitatibus. Eligendi voluptatem voluptatum ullam enim vero quod qui voluptatem.', 3, '2018-06-13 05:35:16', '2018-06-13 05:35:16'),
(139, 34, 'Rosamond Lind', 'Est facilis quas sit id et beatae. Quia voluptatem soluta deleniti et nihil accusantium optio. Soluta delectus impedit dolorem et ipsam et dolorem non. Optio dolorem dolorem asperiores voluptatem voluptatem voluptates.', 4, '2018-06-13 05:35:16', '2018-06-13 05:35:16'),
(140, 61, 'Loyce Littel Sr.', 'Delectus possimus id et. Est vero eum porro soluta omnis ea molestiae. Fuga suscipit reprehenderit incidunt nobis vel.', 1, '2018-06-13 05:35:16', '2018-06-13 05:35:16'),
(141, 37, 'Jess Crooks', 'Fugit laudantium optio molestiae impedit doloremque. Laudantium omnis labore itaque vero nihil sunt aut. Error veritatis similique necessitatibus consequatur quos voluptatibus omnis.', 2, '2018-06-13 05:35:16', '2018-06-13 05:35:16'),
(142, 97, 'Carlo Effertz II', 'Cumque consequatur dicta minima cumque dolorem tempore est. Unde perspiciatis commodi sunt eveniet praesentium. Eos sit ut eum perferendis velit sint quod aut.', 4, '2018-06-13 05:35:16', '2018-06-13 05:35:16'),
(143, 43, 'Prof. Carol Mitchell', 'Quia sit sit molestiae dignissimos. Doloremque officiis est in facere cupiditate. Magni est ut eaque qui.', 4, '2018-06-13 05:35:16', '2018-06-13 05:35:16'),
(144, 35, 'Sherman Johnston', 'Repudiandae consequatur enim beatae occaecati dolor. Voluptatem vel laboriosam quo necessitatibus assumenda esse quia. Sed accusantium omnis repellat dolore repudiandae sit. Natus animi sit officia tempore adipisci. Et nobis quas iusto voluptas reiciendis.', 1, '2018-06-13 05:35:16', '2018-06-13 05:35:16'),
(145, 84, 'Roxane O''Kon', 'Quod ipsa occaecati aut. Modi blanditiis est fuga. Sunt fugiat incidunt suscipit at.', 2, '2018-06-13 05:35:16', '2018-06-13 05:35:16'),
(146, 65, 'Lavada Cruickshank', 'Sunt minus eos accusantium non. Molestias aut qui eius quam velit id. Maiores nihil et ut aliquid quis. Possimus possimus eos maiores similique provident. Non in non tempora quia quia fugiat.', 2, '2018-06-13 05:35:17', '2018-06-13 05:35:17'),
(147, 97, 'Maurine Bradtke', 'Esse est inventore dolores aliquid ipsum et deleniti. Sit doloribus sint quo minima explicabo ea eius. Facere molestias ducimus facere ut ducimus. Iste omnis praesentium quia quia expedita ex quis eius.', 5, '2018-06-13 05:35:17', '2018-06-13 05:35:17'),
(148, 26, 'Danielle Nader', 'Ipsam autem consequatur voluptas et saepe. Aut voluptatibus voluptas explicabo impedit et provident nulla. Quos non tempora animi suscipit ad in. Qui reiciendis hic aut aut.', 4, '2018-06-13 05:35:17', '2018-06-13 05:35:17'),
(149, 10, 'Steve Moore', 'Et sit consequatur eveniet culpa corrupti autem. Sequi quis consequatur deleniti vel blanditiis. Optio similique numquam et. Aliquam repellat occaecati voluptas quis.', 3, '2018-06-13 05:35:17', '2018-06-13 05:35:17'),
(150, 42, 'Prof. Mark Fahey', 'Accusantium et ipsa officia et. Neque est blanditiis rem et reprehenderit iusto voluptate iure. Perspiciatis atque asperiores nulla labore repudiandae asperiores. Temporibus ea qui qui nisi sunt neque deserunt.', 2, '2018-06-13 05:35:17', '2018-06-13 05:35:17'),
(151, 59, 'Kyra DuBuque', 'Dolorem quo aspernatur qui dolores. Et qui ut est et. Nobis et aut iusto rerum. Occaecati qui possimus accusantium ut vero.', 3, '2018-06-13 05:35:17', '2018-06-13 05:35:17'),
(152, 57, 'Hassan Osinski I', 'Voluptatem qui consequatur minima non quo. Fugiat cum veniam magnam eligendi. Repellendus maxime iure perferendis fugiat quo maiores. Aspernatur qui nostrum adipisci eum qui qui rerum. Culpa impedit harum itaque.', 4, '2018-06-13 05:35:17', '2018-06-13 05:35:17'),
(153, 10, 'Vincenza Hermiston', 'Temporibus animi labore ex est numquam quaerat mollitia. Et in aut exercitationem modi aut. Aut veniam aliquid sed rerum vitae quam.', 5, '2018-06-13 05:35:17', '2018-06-13 05:35:17'),
(154, 9, 'Theron Ritchie', 'Voluptatem excepturi est et cupiditate impedit rerum commodi. Molestiae molestiae voluptas repudiandae et id. Enim corporis rerum dignissimos consectetur quidem et cum. Corporis maxime aut voluptates veritatis illum rerum.', 2, '2018-06-13 05:35:17', '2018-06-13 05:35:17'),
(155, 4, 'Ahmed Boyle', 'Aut in placeat ut. In ipsam est reprehenderit quis. Eos perferendis aspernatur quae fuga assumenda repudiandae tempore.', 4, '2018-06-13 05:35:17', '2018-06-13 05:35:17'),
(156, 96, 'Gladys Bradtke', 'Facilis ut eveniet quaerat vel voluptas maiores unde. Molestiae assumenda aut suscipit asperiores quaerat inventore. Ratione nemo facere enim enim omnis. Commodi sed vel doloremque.', 5, '2018-06-13 05:35:17', '2018-06-13 05:35:17'),
(157, 61, 'Sigmund Crooks', 'Dolor molestias atque quam voluptatem molestiae qui omnis. Autem temporibus delectus sit est mollitia. Dolor delectus sed et voluptatem porro voluptas. Sed sed qui expedita nisi veritatis vitae tempore.', 4, '2018-06-13 05:35:17', '2018-06-13 05:35:17'),
(158, 70, 'Ricardo Olson', 'Officiis sint voluptatem magnam in. Repudiandae optio animi reprehenderit odio nostrum. Veniam deserunt praesentium animi magni.', 2, '2018-06-13 05:35:17', '2018-06-13 05:35:17'),
(159, 85, 'Dr. Skylar Bergnaum Sr.', 'Qui et amet corrupti nihil necessitatibus porro. Explicabo ut voluptas sunt quos. Fuga sit debitis reiciendis non hic architecto aperiam. Quia soluta commodi nostrum deserunt ut. Inventore reiciendis eum pariatur provident sequi numquam.', 2, '2018-06-13 05:35:17', '2018-06-13 05:35:17'),
(160, 77, 'Adan Pollich V', 'Magnam dolores id unde numquam consequatur pariatur. Ut aut deleniti et corporis eius. Officia facere quo culpa delectus itaque. Id et eveniet et.', 1, '2018-06-13 05:35:17', '2018-06-13 05:35:17'),
(161, 31, 'Zetta Leannon', 'Sapiente nemo voluptatum vero blanditiis et vero. Corrupti in explicabo alias ea aut non consectetur laudantium. Soluta placeat ut mollitia nostrum.', 3, '2018-06-13 05:35:17', '2018-06-13 05:35:17'),
(162, 56, 'Benton Little', 'Quisquam voluptates rerum qui dicta. Sit non quam deleniti. Dolorem ea vero ut mollitia unde ratione voluptas.', 4, '2018-06-13 05:35:17', '2018-06-13 05:35:17'),
(163, 43, 'Frances Klein', 'Maiores voluptatem et sed et velit. Beatae facere qui dolor deserunt sunt numquam nobis placeat.', 3, '2018-06-13 05:35:17', '2018-06-13 05:35:17'),
(164, 12, 'Emmalee Pfannerstill', 'Culpa consequatur hic qui sint. Cupiditate voluptatem est blanditiis dolorem vel. Suscipit voluptatum impedit sit quo maxime dolores illo. Ut ut provident dicta similique vitae. Inventore voluptatem et praesentium nemo vel.', 5, '2018-06-13 05:35:18', '2018-06-13 05:35:18'),
(165, 13, 'Chester Kessler', 'Quas autem architecto sit ad. Cupiditate dolor perspiciatis nobis ut eveniet voluptatem. Sequi voluptas nulla repellat similique est sed aut nihil. Soluta modi repudiandae saepe dolorem nobis cumque natus. Dolorum minima corporis explicabo excepturi in quia rem.', 2, '2018-06-13 05:35:18', '2018-06-13 05:35:18'),
(166, 36, 'Orrin Olson', 'Voluptas doloribus pariatur officiis dolorem est dignissimos sit sit. Deleniti repudiandae commodi et. Similique ut qui voluptate eos consequatur.', 3, '2018-06-13 05:35:18', '2018-06-13 05:35:18'),
(167, 69, 'Blanche Reilly', 'Quisquam occaecati non sit quaerat eos eaque rem fuga. Aliquam rem sint nemo deleniti. Placeat recusandae nulla maiores enim adipisci dolorem ratione. Enim error omnis ipsa ea.', 2, '2018-06-13 05:35:18', '2018-06-13 05:35:18'),
(168, 88, 'Rocio Hermann', 'Cum quia non nobis debitis a fugiat at. Sit quas hic culpa. Aperiam quis temporibus molestiae animi quasi.', 4, '2018-06-13 05:35:18', '2018-06-13 05:35:18'),
(169, 100, 'Issac Zieme PhD', 'Aut molestiae occaecati quidem pariatur. Cumque ullam voluptatem laudantium dicta quo. Distinctio culpa molestiae voluptates modi et iste aut.', 2, '2018-06-13 05:35:18', '2018-06-13 05:35:18'),
(170, 83, 'Prof. Shyanne Hilll', 'Illo et inventore molestias neque non voluptatum. Autem quasi neque nam voluptatem impedit. Magnam nisi ea dolore suscipit soluta.', 5, '2018-06-13 05:35:18', '2018-06-13 05:35:18'),
(171, 12, 'Olin Klein', 'Aliquid consectetur quia illo aut id. Veniam qui voluptatem est. Occaecati dolor hic alias rerum. Quia id sint aut veniam sed quia aut.', 4, '2018-06-13 05:35:18', '2018-06-13 05:35:18'),
(172, 84, 'Darion Maggio', 'Neque et qui similique. Facere odit repellat et aut. Omnis perferendis quis perspiciatis nobis eius blanditiis vero. Esse sapiente sit sit rerum vel et eum.', 4, '2018-06-13 05:35:18', '2018-06-13 05:35:18'),
(173, 20, 'Dr. Ivory Dickinson Sr.', 'Ratione officia repellat cupiditate quod perferendis qui. Quisquam ut recusandae ipsum voluptatum corrupti tenetur. Sit omnis accusamus nam ut sequi excepturi. Sit consequuntur ea at quo et eveniet perspiciatis adipisci.', 3, '2018-06-13 05:35:18', '2018-06-13 05:35:18'),
(174, 80, 'Mr. Maximilian Hintz II', 'Est error id voluptatem amet autem dolores dignissimos. Animi rerum facere eos minima optio et. Ut ut sit cum quia ut tempore velit. Sit ea autem libero dolorum autem voluptas.', 1, '2018-06-13 05:35:18', '2018-06-13 05:35:18'),
(175, 71, 'Mekhi Macejkovic', 'Cupiditate aut autem omnis repudiandae. Veniam temporibus in voluptatum itaque quidem. Eum eaque atque non est. Voluptate et maiores pariatur.', 1, '2018-06-13 05:35:18', '2018-06-13 05:35:18'),
(176, 11, 'Ms. Emmy Jacobs', 'Tempore labore qui blanditiis et optio incidunt facilis non. Et aut autem cupiditate autem. Perferendis qui mollitia ratione. Voluptas nemo quia doloremque sunt natus porro alias debitis.', 2, '2018-06-13 05:35:18', '2018-06-13 05:35:18'),
(177, 65, 'Alford Champlin', 'Dolor voluptas consequatur sapiente in unde. Voluptatem minima voluptatem sint consequuntur. Et vitae voluptatem perferendis voluptatibus animi inventore. Beatae aut corrupti magni libero dolores.', 2, '2018-06-13 05:35:18', '2018-06-13 05:35:18'),
(178, 18, 'Dr. Asha Anderson MD', 'Necessitatibus quasi et qui quisquam earum repellendus repellat. Laboriosam odio odio aut doloribus ut dolor. Maiores quisquam et facere ut.', 5, '2018-06-13 05:35:18', '2018-06-13 05:35:18'),
(179, 60, 'Talon Altenwerth', 'Ut vero aut aut vitae reiciendis ut. Illo harum est doloribus molestias. Omnis officiis sequi tempore aut neque qui.', 4, '2018-06-13 05:35:18', '2018-06-13 05:35:18'),
(180, 82, 'Skyla Lindgren', 'Et blanditiis qui voluptas nihil modi ipsam. Asperiores iusto nihil voluptate totam ipsum ut unde. Cumque consequuntur aut velit sit.', 5, '2018-06-13 05:35:18', '2018-06-13 05:35:18'),
(181, 69, 'Tony Wehner', 'Voluptatem voluptatibus placeat nisi non atque dolores et. Aut non recusandae sit. Consectetur autem error in blanditiis molestiae doloribus esse. Quas qui quo et amet dolor dignissimos rerum.', 3, '2018-06-13 05:35:18', '2018-06-13 05:35:18'),
(182, 81, 'Mr. Stone Haag DDS', 'Ad in veniam rerum ea quibusdam molestiae. Consequuntur ipsam temporibus sed molestiae quia quod temporibus. Id ratione illum ea quos laudantium. Eaque labore consectetur sunt.', 5, '2018-06-13 05:35:18', '2018-06-13 05:35:18'),
(183, 14, 'Laura Cummerata', 'Perspiciatis nesciunt et esse non dicta illum. Velit ut reiciendis earum praesentium alias aut. Et consequuntur in qui maiores.', 3, '2018-06-13 05:35:18', '2018-06-13 05:35:18'),
(184, 59, 'Deven Padberg III', 'Ad minima dolor nihil dicta voluptatem dolores ut. Dolor iusto quibusdam voluptatem non soluta maxime nisi. Qui sit quasi optio quo aliquam accusantium ex. Occaecati enim consequatur in dolor enim quidem placeat.', 4, '2018-06-13 05:35:18', '2018-06-13 05:35:18'),
(185, 8, 'Mr. Johnathan Renner', 'Illum optio at repudiandae et sequi est. Commodi libero sit possimus qui. Rerum aperiam at adipisci ad. Sed quis assumenda doloribus explicabo.', 1, '2018-06-13 05:35:18', '2018-06-13 05:35:18'),
(186, 9, 'Keely Cremin I', 'Aliquam et sunt autem ipsam. Ratione ut est possimus quia eveniet aspernatur aut. Porro id atque quam odio ducimus pariatur rerum.', 2, '2018-06-13 05:35:18', '2018-06-13 05:35:18'),
(187, 21, 'Miss Rhoda Friesen', 'Magni distinctio non magni distinctio et et. Nostrum et maxime unde at quisquam rerum. Velit occaecati officiis sit eaque reiciendis distinctio.', 3, '2018-06-13 05:35:18', '2018-06-13 05:35:18'),
(188, 46, 'Gladys Rau Sr.', 'Sint tempora sapiente est voluptatem vel tempora nulla. Totam qui magni qui. Ut explicabo placeat dolore laboriosam.', 5, '2018-06-13 05:35:18', '2018-06-13 05:35:18'),
(189, 26, 'Shayne Cruickshank', 'Voluptas quibusdam totam quo enim. Cupiditate voluptas porro distinctio dicta repellendus perspiciatis. Et sequi dicta porro tempore.', 2, '2018-06-13 05:35:18', '2018-06-13 05:35:18'),
(190, 62, 'Albertha Schamberger', 'Doloribus aut animi rerum dolores assumenda nihil. Ea tenetur alias ipsa suscipit est enim incidunt. Non dolor sed necessitatibus velit sapiente. Quia quis eum iure reiciendis. Quia cumque hic maxime tempora rerum.', 5, '2018-06-13 05:35:19', '2018-06-13 05:35:19'),
(191, 60, 'Jacques Nikolaus', 'Id mollitia libero pariatur tempora. Excepturi reprehenderit odio quo reprehenderit. Excepturi earum voluptatem sit nostrum dolor quisquam minima quidem. Voluptas nobis maxime dicta vero maxime ab. Ipsam nam quam fuga magnam.', 2, '2018-06-13 05:35:19', '2018-06-13 05:35:19'),
(192, 68, 'Jakob Johnston', 'Sit minus omnis error ipsum. Error voluptas incidunt ut perferendis cupiditate non. Incidunt sunt esse et temporibus rerum. Id natus ipsum cumque omnis inventore. Dicta distinctio alias assumenda iure non et.', 1, '2018-06-13 05:35:19', '2018-06-13 05:35:19'),
(193, 62, 'Elsie Schroeder', 'Ut voluptas ut sint consequatur sint. Et non qui nisi. Et vel ut modi.', 1, '2018-06-13 05:35:19', '2018-06-13 05:35:19'),
(194, 48, 'Jadyn Homenick', 'Consectetur eius in qui neque. Ut quia atque cupiditate similique.', 3, '2018-06-13 05:35:19', '2018-06-13 05:35:19'),
(195, 46, 'Yazmin Roberts', 'Sint possimus rerum quidem explicabo deserunt sunt. Sed quis repudiandae excepturi delectus quia perferendis minus deserunt.', 5, '2018-06-13 05:35:19', '2018-06-13 05:35:19'),
(196, 6, 'Dr. Cara Nitzsche Jr.', 'Assumenda soluta excepturi placeat sequi dolores voluptas ipsum. Quod in culpa sit consequuntur.', 1, '2018-06-13 05:35:19', '2018-06-13 05:35:19'),
(197, 74, 'Miss Freda Mosciski', 'Et deserunt harum eveniet iste. Explicabo voluptas aut fuga explicabo. Consequatur beatae amet non. Quo aut temporibus voluptate inventore ipsam reprehenderit sunt.', 5, '2018-06-13 05:35:19', '2018-06-13 05:35:19'),
(198, 70, 'Santiago Schaefer', 'Voluptas quam qui et est et. Similique exercitationem dolorem quibusdam ut neque laboriosam provident aliquid. Voluptatem quos qui sed ad esse commodi. Itaque sed mollitia sunt tempore et odio temporibus hic.', 2, '2018-06-13 05:35:19', '2018-06-13 05:35:19'),
(199, 63, 'Annabelle Donnelly', 'Commodi architecto velit qui dignissimos error. Facere est sapiente aliquam aut quae sit. Facilis dolore iusto voluptas necessitatibus voluptate odio.', 2, '2018-06-13 05:35:19', '2018-06-13 05:35:19'),
(200, 64, 'Rasheed Koss', 'Hic accusamus veniam praesentium tempora laboriosam. Quae repudiandae dolor est illo doloremque perspiciatis inventore. Excepturi iste facilis qui non velit qui. Rem eaque harum sapiente temporibus.', 1, '2018-06-13 05:35:19', '2018-06-13 05:35:19'),
(201, 27, 'Prof. Reece Willms Jr.', 'Nobis ratione voluptatem dicta dolorem error modi quo. Voluptates et dignissimos saepe quos iure earum corporis. Facere porro iste natus sunt est aut officiis. Nesciunt sed quo maxime ab.', 5, '2018-06-13 05:35:19', '2018-06-13 05:35:19'),
(202, 48, 'Reece Turner DDS', 'Quidem dignissimos nihil commodi. Est ipsum sunt repudiandae odio optio laborum. Provident eos neque voluptatem tempore cumque illum perferendis voluptate. Qui facere earum corporis et qui tenetur rerum. Modi qui voluptates at hic molestias vitae eaque.', 5, '2018-06-13 05:35:19', '2018-06-13 05:35:19'),
(203, 93, 'Giovani Gorczany', 'Hic tempore est ipsam sit ipsa possimus. Illo iusto consequuntur laborum consequuntur quia culpa. Nisi laudantium beatae veniam et et aperiam quam.', 2, '2018-06-13 05:35:19', '2018-06-13 05:35:19'),
(204, 89, 'Stanley Shanahan', 'Accusamus reiciendis magni consequatur saepe error corrupti est. Harum molestiae et libero ullam ut. Est omnis quia veniam fuga. Est ipsum qui quia velit libero possimus ut.', 5, '2018-06-13 05:35:19', '2018-06-13 05:35:19'),
(205, 11, 'Jeff Kshlerin', 'Totam laudantium ut quaerat sint ut harum voluptates. Perspiciatis dolorem placeat saepe ipsa doloremque voluptatem beatae. Maxime reiciendis sed nemo quidem accusantium.', 4, '2018-06-13 05:35:19', '2018-06-13 05:35:19'),
(206, 95, 'Kitty Macejkovic', 'Corrupti consectetur commodi illum voluptas enim tempore iusto et. Sed rerum aliquid cumque nulla eum expedita. Veniam iusto et sed animi. Est non animi eos ut repudiandae accusamus.', 3, '2018-06-13 05:35:19', '2018-06-13 05:35:19'),
(207, 55, 'Lesley Gutkowski', 'Ab iure animi est atque laboriosam. Repellat sit quia consequatur. Repellendus voluptates expedita tempore voluptas reiciendis et. Dolorum accusantium tempora sed blanditiis quis sed et qui.', 3, '2018-06-13 05:35:19', '2018-06-13 05:35:19'),
(208, 52, 'Norris Kunde III', 'Omnis laboriosam culpa fugiat quaerat. Sit eligendi molestiae accusamus reprehenderit hic tempora. Sint aliquam ut incidunt est quibusdam consequatur odit.', 5, '2018-06-13 05:35:19', '2018-06-13 05:35:19');
INSERT INTO `reviews` (`id`, `product_id`, `customer`, `review`, `star`, `created_at`, `updated_at`) VALUES
(209, 73, 'Eugene Parker PhD', 'Reprehenderit quia alias maiores commodi. Aut rerum eligendi ullam qui quod excepturi est.', 2, '2018-06-13 05:35:19', '2018-06-13 05:35:19'),
(210, 68, 'Miss Ashly Nienow PhD', 'Error harum ut consequuntur explicabo. Libero consequatur iste et nisi. Itaque voluptatem et porro ad sequi dolorum. Eius et dolores voluptas quos nostrum voluptatem iusto. Consequatur praesentium cum similique rerum laborum minima.', 2, '2018-06-13 05:35:19', '2018-06-13 05:35:19'),
(211, 92, 'Mr. Beau Blick II', 'Accusantium est repellendus voluptas suscipit voluptas velit. Ut voluptatibus quo facilis. Unde quasi pariatur ea consectetur. Odio voluptatem nam libero nam voluptas et in.', 5, '2018-06-13 05:35:19', '2018-06-13 05:35:19'),
(212, 59, 'Jamil Altenwerth', 'Similique fuga dignissimos quaerat vel corrupti ullam. Dolores rerum provident qui incidunt laudantium sequi sequi. Illum illum atque sit omnis. Voluptatibus beatae vero velit ducimus perferendis.', 4, '2018-06-13 05:35:19', '2018-06-13 05:35:19'),
(213, 17, 'Prof. Carmine Lubowitz', 'Animi placeat veniam rerum sed ex voluptas cupiditate vel. Ut aliquid aut minima amet qui iste quia.', 1, '2018-06-13 05:35:19', '2018-06-13 05:35:19'),
(214, 59, 'Ariel Armstrong', 'Quaerat saepe sint incidunt incidunt. Rerum beatae pariatur et incidunt omnis. Asperiores fugit ducimus et sunt error praesentium aut. Aut alias assumenda quaerat minus voluptas odit.', 5, '2018-06-13 05:35:19', '2018-06-13 05:35:19'),
(215, 100, 'Mrs. Nella Funk Jr.', 'Quaerat sed quos qui quae quo et enim repellat. Mollitia sed laboriosam nihil ea. Illo reiciendis ut consequuntur corrupti adipisci odio consequatur numquam. Voluptatem quo sit animi.', 3, '2018-06-13 05:35:19', '2018-06-13 05:35:19'),
(216, 32, 'Mrs. Willow Cremin MD', 'Alias repellendus et ipsum perferendis. Ipsa consequatur ut sit dolores.', 2, '2018-06-13 05:35:19', '2018-06-13 05:35:19'),
(217, 54, 'Mrs. Josie Hagenes MD', 'Quo atque aspernatur repudiandae fugit optio enim repellendus est. Amet sit enim exercitationem vel. Aliquid ullam consequuntur veritatis.', 1, '2018-06-13 05:35:19', '2018-06-13 05:35:19'),
(218, 68, 'Jordi Emard', 'Corrupti molestiae voluptas mollitia consequatur natus nobis. Suscipit a enim repellat illo assumenda ducimus rerum.', 4, '2018-06-13 05:35:20', '2018-06-13 05:35:20'),
(219, 27, 'Lavonne Nienow Sr.', 'Velit omnis omnis magnam. Alias corrupti praesentium eos explicabo aut aut delectus. Omnis aut quo molestiae pariatur. Temporibus minima non voluptatem hic. Illum voluptate atque eum non.', 2, '2018-06-13 05:35:20', '2018-06-13 05:35:20'),
(220, 93, 'Kylie Ullrich', 'Non quia voluptatem ut ut voluptatem corporis. Qui exercitationem assumenda consequatur nisi necessitatibus incidunt est. Quisquam earum incidunt consequuntur magni. Consequatur inventore et dolorem.', 5, '2018-06-13 05:35:20', '2018-06-13 05:35:20'),
(221, 24, 'Viviane Ryan', 'Sunt eos dolor est iste quisquam magni. Exercitationem numquam corporis quasi reprehenderit temporibus nihil voluptate. Debitis et excepturi dolores incidunt aspernatur consequatur et.', 3, '2018-06-13 05:35:20', '2018-06-13 05:35:20'),
(222, 39, 'Jerrold Bosco', 'Aliquam enim omnis eum dignissimos ut quasi. Tempora debitis reprehenderit in maiores provident. Consequuntur ad perferendis nulla quaerat quibusdam dolore. Mollitia asperiores laboriosam cum pariatur. Ut voluptas voluptates fugit.', 4, '2018-06-13 05:35:20', '2018-06-13 05:35:20'),
(223, 22, 'Samanta Kulas', 'Dolor animi harum aut iste. Sed impedit beatae nobis provident distinctio non ex. Itaque et ipsum officia. Vitae et sapiente odio.', 5, '2018-06-13 05:35:20', '2018-06-13 05:35:20'),
(224, 49, 'Mrs. Joelle Rolfson', 'Non molestiae ex autem nemo architecto. Voluptatem possimus culpa non. Vel amet consequatur modi aliquam quis illo velit. Expedita ducimus recusandae ducimus quia nobis.', 5, '2018-06-13 05:35:20', '2018-06-13 05:35:20'),
(225, 28, 'Armand Hoeger', 'Rerum enim eos repellendus laboriosam voluptatem beatae eum. Quis sed amet enim nesciunt.', 4, '2018-06-13 05:35:20', '2018-06-13 05:35:20'),
(226, 64, 'Charity McGlynn Jr.', 'Aut similique cum fugiat nemo. Tenetur at et dolores adipisci quis. Et in voluptas reprehenderit fugiat quia. Est ut rerum ut sunt.', 5, '2018-06-13 05:35:20', '2018-06-13 05:35:20'),
(227, 82, 'Dr. Immanuel Ruecker', 'Voluptas itaque nostrum rerum qui est dolor. Officiis dolorem ipsa cupiditate eveniet.', 2, '2018-06-13 05:35:20', '2018-06-13 05:35:20'),
(228, 4, 'Prof. Rashad Denesik IV', 'Natus nam illo quod ut voluptatem. Quia aut magnam quaerat sed ab. Sunt et ratione quisquam quo. Dolores ipsum voluptates provident eaque cumque dolor numquam.', 2, '2018-06-13 05:35:20', '2018-06-13 05:35:20'),
(229, 89, 'Dr. Jessie Kuvalis PhD', 'Fuga sunt molestias ex aut expedita voluptatem. Quas recusandae voluptas incidunt. Explicabo ducimus exercitationem non.', 4, '2018-06-13 05:35:20', '2018-06-13 05:35:20'),
(230, 69, 'Pietro Legros', 'Voluptatem qui ut minus veritatis voluptates fugit beatae in. Alias dolores eum est nostrum. Vero maiores eum quaerat quasi ducimus exercitationem voluptas.', 5, '2018-06-13 05:35:20', '2018-06-13 05:35:20'),
(231, 66, 'Elvis Moore PhD', 'Nulla vitae id aut suscipit rerum porro. Voluptatum asperiores nihil nam vero qui adipisci consequuntur et. Aut consequatur nostrum deserunt.', 1, '2018-06-13 05:35:21', '2018-06-13 05:35:21'),
(232, 53, 'Miss Agustina Shields I', 'Unde distinctio dolorem eum iure. Illo assumenda cum sapiente laboriosam dolorem et vero.', 4, '2018-06-13 05:35:21', '2018-06-13 05:35:21'),
(233, 7, 'Dulce Bahringer', 'Quod rerum quidem reprehenderit autem asperiores animi. Sit sed aspernatur nihil qui et esse quia. Vel atque quod occaecati quia ex in est eos. Possimus beatae quos necessitatibus earum non.', 2, '2018-06-13 05:35:21', '2018-06-13 05:35:21'),
(234, 94, 'Dr. Burdette Johns', 'Esse et est amet. Qui harum pariatur quae quis aut qui sed. Itaque molestias ad eum iure et.', 1, '2018-06-13 05:35:21', '2018-06-13 05:35:21'),
(235, 46, 'Mrs. Daniella Herman PhD', 'Aspernatur id et quaerat asperiores qui amet voluptatem. Aut dolorum sint similique. Accusantium doloribus aut molestiae quaerat ipsam. Deleniti id laborum exercitationem debitis in quibusdam laudantium. Eos quo non recusandae vero.', 2, '2018-06-13 05:35:21', '2018-06-13 05:35:21'),
(236, 62, 'Miss Alvina Franecki II', 'Non debitis quis eum velit. Quaerat nisi maxime at laborum quia quae. Assumenda error accusantium maiores unde ea est sed. Non enim provident maiores.', 1, '2018-06-13 05:35:21', '2018-06-13 05:35:21'),
(237, 100, 'Brooks Turner', 'Aut distinctio velit quis non earum soluta. Aut et quam placeat. Sint nam harum voluptatem. Id aperiam autem aspernatur ut eum. Provident inventore quaerat inventore blanditiis.', 3, '2018-06-13 05:35:21', '2018-06-13 05:35:21'),
(238, 33, 'John Terry PhD', 'Quis inventore saepe deserunt hic. Ut nisi ipsum aut quo dolor enim id. Vitae earum quaerat dolorum ipsum. Quam ab veritatis exercitationem et cupiditate maiores.', 5, '2018-06-13 05:35:21', '2018-06-13 05:35:21'),
(239, 10, 'Robb Shanahan Sr.', 'Ut maiores vitae excepturi quia sed repellendus. Est natus dolor officiis excepturi. Repellendus consequatur ullam tempore culpa consequatur minus non dolorum. Omnis quidem id qui. Iusto voluptas qui eum veniam necessitatibus vel.', 1, '2018-06-13 05:35:21', '2018-06-13 05:35:21'),
(240, 91, 'Silas Durgan', 'Ut eos iste repudiandae laudantium eum quis nihil ullam. Autem quam quo quia ut vel. Impedit maxime quisquam quibusdam sed hic reiciendis.', 5, '2018-06-13 05:35:21', '2018-06-13 05:35:21'),
(241, 22, 'Ms. Letha Grady', 'Unde ut repellendus earum alias deserunt. Doloremque ipsa repellat sint vero aperiam eos. Amet et voluptas laboriosam beatae.', 1, '2018-06-13 05:35:21', '2018-06-13 05:35:21'),
(242, 81, 'Jaleel Hahn', 'Repudiandae tenetur labore quis qui illum. Harum praesentium aut doloremque quia magni. Quam explicabo rerum voluptatum ipsum vitae. Et quibusdam voluptas qui reprehenderit.', 3, '2018-06-13 05:35:21', '2018-06-13 05:35:21'),
(243, 63, 'Fred Berge', 'Quia dolorum perferendis consequuntur voluptates. Corporis sapiente id facere. Similique aliquam fugiat ut quod. Facilis eligendi velit sunt dicta non voluptas.', 1, '2018-06-13 05:35:21', '2018-06-13 05:35:21'),
(244, 87, 'Estel Windler', 'Dignissimos aut ipsa culpa nisi quia et voluptate. Similique sit qui nemo expedita. Alias ea maiores quibusdam velit sit iure non. Cumque ea laudantium sint labore ut animi error qui.', 1, '2018-06-13 05:35:21', '2018-06-13 05:35:21'),
(245, 42, 'Kenna Predovic', 'Quod iusto quia fuga ut. Labore iure debitis veniam praesentium inventore qui deleniti quia. Dolorum quidem accusamus dolores labore dolorem consequatur. Asperiores corrupti hic consequatur temporibus numquam.', 5, '2018-06-13 05:35:21', '2018-06-13 05:35:21'),
(246, 8, 'Amira Koepp', 'Eum inventore dolores modi ut non cumque eum. Est voluptas vel velit. Culpa enim quasi odio ex consectetur sed. Neque quisquam perspiciatis voluptatem ipsam.', 5, '2018-06-13 05:35:21', '2018-06-13 05:35:21'),
(247, 60, 'Prof. Amalia Smitham', 'Quo voluptatem quia illum qui et. Corrupti est at animi asperiores maxime eum. Ullam ex incidunt quia beatae ut atque dolor.', 5, '2018-06-13 05:35:21', '2018-06-13 05:35:21'),
(248, 18, 'Arnulfo Stracke', 'Recusandae dolorum incidunt ipsa veniam voluptatibus consequatur dolores nihil. Id est asperiores rerum accusamus modi. Molestias officiis natus id non. Aut qui esse eos praesentium alias amet aut.', 4, '2018-06-13 05:35:22', '2018-06-13 05:35:22'),
(249, 73, 'Triston Heller', 'Assumenda qui id consequuntur voluptates. Aspernatur ducimus omnis fuga ut aliquid odio sequi exercitationem. Omnis consequatur voluptatum pariatur ipsam qui aut.', 5, '2018-06-13 05:35:22', '2018-06-13 05:35:22'),
(250, 91, 'Dr. Amir Marks', 'Sit nam aut non ducimus ratione sunt. Nihil quia necessitatibus harum sint facere molestiae. Exercitationem deleniti perspiciatis rerum eligendi laudantium ipsum fugit. Ipsa quasi consequatur qui quam molestiae ut.', 2, '2018-06-13 05:35:22', '2018-06-13 05:35:22'),
(251, 80, 'Dr. Mortimer Rodriguez', 'Iusto sed non sapiente magnam distinctio. Ducimus non est optio et. Quos sunt blanditiis incidunt temporibus sunt.', 2, '2018-06-13 05:35:22', '2018-06-13 05:35:22'),
(252, 72, 'Dominique Osinski DDS', 'Omnis aspernatur minus unde quos. Quo quia aut quis beatae rerum in. Doloremque autem repudiandae fuga eum.', 5, '2018-06-13 05:35:22', '2018-06-13 05:35:22'),
(253, 42, 'Dr. Paolo Muller V', 'Velit itaque nisi sit est soluta amet mollitia. Veritatis tempora quo neque rerum velit.', 3, '2018-06-13 05:35:22', '2018-06-13 05:35:22'),
(254, 35, 'Prof. Jarret Lynch PhD', 'Et amet nam temporibus excepturi consectetur deserunt. Eveniet consectetur aliquid vel est non doloribus qui.', 1, '2018-06-13 05:35:22', '2018-06-13 05:35:22'),
(255, 13, 'Candido O''Hara', 'At eos ipsa quia architecto. Assumenda et voluptatum molestiae harum similique. Et veritatis corrupti optio rerum.', 4, '2018-06-13 05:35:22', '2018-06-13 05:35:22'),
(256, 27, 'Shayna Muller', 'Voluptatem sed cupiditate dolorum voluptate fuga cupiditate. Quos iste laboriosam qui ut provident ex corrupti ut. Aliquid consequuntur dicta labore in ratione. Consequatur necessitatibus autem qui blanditiis sed fugiat.', 3, '2018-06-13 05:35:22', '2018-06-13 05:35:22'),
(257, 83, 'Israel Kuhlman', 'Quaerat sit et sit est id optio. Et laudantium quia quis. Beatae dolores odio perferendis sunt. Repudiandae sed quibusdam ut laboriosam maxime nisi autem.', 1, '2018-06-13 05:35:22', '2018-06-13 05:35:22'),
(258, 19, 'Prof. Elnora Lind', 'Nihil eos quo cum eaque sed aperiam dolor. Rerum fugiat architecto rerum dolor aut voluptates. Reprehenderit ipsam qui aut voluptatem dignissimos placeat. Dolore officia et non beatae deleniti minus recusandae.', 2, '2018-06-13 05:35:22', '2018-06-13 05:35:22'),
(259, 16, 'Cassie Howell', 'Quas enim qui eos deleniti. Quisquam possimus rem corporis velit libero nesciunt. Labore dignissimos quos dignissimos error ex. Dolore quo optio impedit sed magnam ipsum dignissimos.', 4, '2018-06-13 05:35:22', '2018-06-13 05:35:22'),
(260, 80, 'Stuart Murphy PhD', 'Fugit quia accusantium dolorem voluptas explicabo aut. Vel perferendis facilis qui commodi. Nihil ut autem accusantium nesciunt quia dolorem ut.', 3, '2018-06-13 05:35:22', '2018-06-13 05:35:22'),
(261, 87, 'Cathy Feest', 'Aliquid omnis qui modi omnis. Voluptatibus commodi possimus voluptas enim eveniet excepturi et. Expedita velit omnis error aut quo odio quia.', 1, '2018-06-13 05:35:22', '2018-06-13 05:35:22'),
(262, 82, 'Pietro Simonis MD', 'Est est officiis doloribus voluptatem. Sapiente harum velit earum culpa. Deserunt et dolor consequatur et quia ipsum repellendus. Porro reprehenderit mollitia labore itaque libero debitis voluptatem.', 5, '2018-06-13 05:35:22', '2018-06-13 05:35:22'),
(263, 77, 'Fabiola Waelchi', 'Incidunt velit corrupti rerum culpa alias dolorum repellat. Alias quo qui a iste. Amet maiores accusamus et sed cupiditate.', 2, '2018-06-13 05:35:22', '2018-06-13 05:35:22'),
(264, 40, 'Samson Heathcote', 'Nobis corporis non quia ut eos eligendi. Sint consequuntur incidunt expedita ea hic quisquam atque. Facilis ex perferendis ducimus officia voluptatum velit.', 1, '2018-06-13 05:35:22', '2018-06-13 05:35:22'),
(265, 9, 'Velda Little', 'A quisquam quos necessitatibus quidem magni. Voluptate id ut ipsam vel doloremque voluptatibus suscipit.', 1, '2018-06-13 05:35:22', '2018-06-13 05:35:22'),
(266, 79, 'Evalyn Pfeffer', 'Voluptatem saepe vero saepe nemo velit sint quis molestiae. Illum animi consequatur officiis delectus saepe molestiae. Vel voluptatibus quia aut enim minus impedit non. Quam illo placeat deleniti est et atque.', 2, '2018-06-13 05:35:22', '2018-06-13 05:35:22'),
(267, 61, 'Carlie Stracke', 'Quis et odit asperiores ut sit qui quod. Veniam fuga ut recusandae.', 1, '2018-06-13 05:35:22', '2018-06-13 05:35:22'),
(268, 10, 'Roman Runte DVM', 'Qui voluptates eveniet laborum repellendus qui reiciendis quisquam. Inventore enim ipsum autem et provident dolorem et et. Illum sapiente sint pariatur officiis facere nostrum.', 1, '2018-06-13 05:35:22', '2018-06-13 05:35:22'),
(269, 25, 'Miss Alberta Haley', 'Laboriosam ut perferendis nulla non ea ut. Cupiditate consequatur quaerat qui harum laborum. Illo quo incidunt in dolore sed id corporis. Omnis molestias est neque id occaecati libero molestias voluptatem.', 1, '2018-06-13 05:35:22', '2018-06-13 05:35:22'),
(270, 79, 'Mozell Gerhold Jr.', 'Dolores voluptas eum eos et laborum quidem. Voluptas rem dolor nostrum placeat qui. Voluptatum ut aspernatur ea earum. Dolorem itaque quis quia ad illum necessitatibus.', 1, '2018-06-13 05:35:22', '2018-06-13 05:35:22'),
(271, 53, 'Dr. Sherwood Price', 'Et quibusdam ex error autem non. Est amet numquam sed voluptas quia perspiciatis. Excepturi ullam sunt nesciunt dolorem.', 3, '2018-06-13 05:35:22', '2018-06-13 05:35:22'),
(272, 64, 'Prof. Ronaldo Ratke DVM', 'Perferendis voluptas rerum ea ad corporis optio laborum ea. Velit fuga nesciunt dolorem quasi vel. Error soluta perspiciatis dolor dolorem tempora odio aut. Qui esse est laboriosam dolorum doloribus quia fuga.', 1, '2018-06-13 05:35:22', '2018-06-13 05:35:22'),
(273, 35, 'Kailyn Renner', 'Iste aut voluptas ut harum praesentium ut. Cumque est enim tempora repellendus corporis omnis pariatur.', 5, '2018-06-13 05:35:22', '2018-06-13 05:35:22'),
(274, 48, 'Wayne Connelly', 'Nulla pariatur illo officiis dolorem commodi rerum rerum et. Ea provident at aut incidunt.', 1, '2018-06-13 05:35:22', '2018-06-13 05:35:22'),
(275, 28, 'Alvis Okuneva', 'Consequuntur doloremque sit odio pariatur ab voluptatem tempora aspernatur. Asperiores hic nulla aperiam dolores. Reprehenderit dolorum consequatur omnis quis exercitationem. Cumque ut excepturi est iure repudiandae consequatur debitis.', 3, '2018-06-13 05:35:23', '2018-06-13 05:35:23'),
(276, 63, 'Ryley Daniel', 'Odit soluta voluptatem inventore tenetur fugit ducimus facilis. Sint maiores inventore quo aliquam dolores vel alias. Quia voluptatibus cupiditate omnis et hic. Velit quasi aut aperiam maxime numquam id.', 5, '2018-06-13 05:35:23', '2018-06-13 05:35:23'),
(277, 36, 'Lois Champlin', 'Et dolorem sint repellendus et sed. Repellendus nihil sequi voluptas occaecati. Similique voluptatem molestiae ipsa similique quibusdam consequatur sunt.', 1, '2018-06-13 05:35:23', '2018-06-13 05:35:23'),
(278, 51, 'Marta Oberbrunner', 'Ad in voluptatem laborum aperiam nulla tempore odio. Asperiores sit quis qui voluptatibus eligendi voluptas itaque. Ad sit suscipit et quaerat voluptates reprehenderit. Rerum vel quo consequatur voluptatem.', 4, '2018-06-13 05:35:23', '2018-06-13 05:35:23'),
(279, 5, 'June Koch', 'Et occaecati quo provident libero atque. Tempora iste aut dolorem. Temporibus inventore quas voluptatem corrupti.', 2, '2018-06-13 05:35:23', '2018-06-13 05:35:23'),
(280, 40, 'Joy Williamson', 'Pariatur dignissimos id provident qui est. Explicabo exercitationem eos atque autem reiciendis. Neque ex necessitatibus quos corrupti.', 3, '2018-06-13 05:35:23', '2018-06-13 05:35:23'),
(281, 63, 'Dakota Cruickshank', 'Velit vero ut quidem reprehenderit iure veniam in. Voluptatibus deserunt sunt exercitationem temporibus quae omnis autem nihil. Ut voluptas dolorem totam animi.', 5, '2018-06-13 05:35:23', '2018-06-13 05:35:23'),
(282, 8, 'Prof. Raymundo Kirlin', 'Sunt eaque quibusdam inventore adipisci. Sed eligendi culpa eos et odit omnis. Repudiandae accusantium est at eaque non impedit. Et dolorem ullam minima consequatur quam ut dolores.', 2, '2018-06-13 05:35:23', '2018-06-13 05:35:23'),
(283, 90, 'Paris Boyer', 'Vitae aut dolorem officiis autem libero nihil ut. Nesciunt id voluptas nulla dolores. Enim voluptatem repudiandae consequatur ea assumenda sequi sed.', 2, '2018-06-13 05:35:23', '2018-06-13 05:35:23'),
(284, 43, 'Prof. Eleonore Smith', 'Laboriosam excepturi temporibus quia excepturi. Enim consequatur quisquam saepe quo laudantium consequuntur sint. Facere ut ea dignissimos odit consectetur.', 1, '2018-06-13 05:35:23', '2018-06-13 05:35:23'),
(285, 75, 'Eloy Conn', 'Nemo accusamus aut corporis eligendi totam. At deserunt aut consequatur quia. Nihil sunt sit quis neque sed fugiat. Incidunt non quibusdam qui sint sint vero qui qui.', 1, '2018-06-13 05:35:23', '2018-06-13 05:35:23'),
(286, 65, 'Prof. Edyth Kohler', 'Repellat sapiente mollitia quis quasi. Aut est in eum aut culpa quia ratione. Dicta quisquam qui possimus aut nihil temporibus.', 4, '2018-06-13 05:35:23', '2018-06-13 05:35:23'),
(287, 93, 'Trenton Willms', 'Quam nobis et odit architecto illum. Impedit qui molestiae est similique omnis omnis itaque eum. Excepturi molestiae vitae enim.', 5, '2018-06-13 05:35:23', '2018-06-13 05:35:23'),
(288, 3, 'Vincenza Considine', 'Rerum consequatur modi sit ut quia earum dolores. Qui asperiores numquam qui pariatur excepturi nihil. Deleniti omnis aspernatur dicta est debitis. Occaecati ut et magnam quo.', 4, '2018-06-13 05:35:23', '2018-06-13 05:35:23'),
(289, 78, 'Angeline Marks MD', 'Dolorem et voluptas omnis officiis facilis ut omnis. Id recusandae quasi ea delectus est laboriosam aut. Non temporibus et minus voluptatem quas. Nam corrupti veritatis et sint ratione consequatur quo.', 2, '2018-06-13 05:35:23', '2018-06-13 05:35:23'),
(290, 90, 'Lavina Kohler', 'Dolores nihil reiciendis porro quasi sint accusantium est adipisci. Optio minus eligendi voluptatibus et.', 4, '2018-06-13 05:35:23', '2018-06-13 05:35:23'),
(291, 50, 'Geovanny Dare', 'Aperiam nihil expedita repellendus facilis inventore voluptate quia. In blanditiis sint maiores vero exercitationem. Velit adipisci veniam nemo qui vel quia. Sequi qui ad consequatur occaecati deserunt.', 2, '2018-06-13 05:35:23', '2018-06-13 05:35:23'),
(292, 79, 'Dr. Willis Koss IV', 'Accusamus quibusdam est at iste eum. Vel sunt sapiente et rerum est. Impedit molestias impedit rerum voluptatum voluptas.', 1, '2018-06-13 05:35:23', '2018-06-13 05:35:23'),
(293, 32, 'Ms. Una Pouros', 'Aut veniam placeat vero commodi. Exercitationem recusandae nihil assumenda praesentium. Nam sit ut et est illum.', 4, '2018-06-13 05:35:23', '2018-06-13 05:35:23'),
(294, 88, 'Halle Wyman', 'Et in officia est expedita. Et dignissimos saepe quisquam. Laboriosam eum et vel et cumque dignissimos sequi qui. Non rerum maxime voluptatem et.', 1, '2018-06-13 05:35:23', '2018-06-13 05:35:23'),
(295, 57, 'Van Friesen', 'Non cum consequuntur dolores non officiis ducimus consectetur. Non quia minima eaque et. Et temporibus magni odit praesentium et. Aut quia facilis assumenda voluptatum necessitatibus explicabo.', 5, '2018-06-13 05:35:23', '2018-06-13 05:35:23'),
(296, 70, 'Amos Swift', 'Qui voluptatem excepturi consectetur voluptatem. Id rerum iste ipsa eum aperiam animi id. Vitae labore sequi nemo asperiores recusandae eaque. Sunt expedita atque vero odio expedita consequatur sit.', 4, '2018-06-13 05:35:23', '2018-06-13 05:35:23'),
(297, 37, 'Charlotte Abbott V', 'Eum praesentium autem rerum. Quibusdam qui minus provident modi. Quibusdam temporibus architecto explicabo illo. Accusamus est eos autem illo occaecati.', 1, '2018-06-13 05:35:23', '2018-06-13 05:35:23'),
(298, 31, 'Carole O''Kon', 'Rem placeat omnis nostrum quia vel officia. Saepe modi magnam occaecati. Velit accusantium corporis aspernatur qui quia sit.', 4, '2018-06-13 05:35:23', '2018-06-13 05:35:23'),
(299, 3, 'Kacey Ankunding DVM', 'Rerum temporibus possimus quas nemo est. Nihil illum et minima unde nemo. Ut laboriosam facilis omnis minima. Quo quo sed dicta.', 1, '2018-06-13 05:35:24', '2018-06-13 05:35:24'),
(300, 2, 'Ward Koepp', 'Numquam quidem autem consequatur sunt unde. Aut eos mollitia nostrum praesentium magni. Vel debitis veniam est accusamus fugiat.', 1, '2018-06-13 05:35:24', '2018-06-13 05:35:24');

-- --------------------------------------------------------

--
-- Table structure for table `users`
--

CREATE TABLE IF NOT EXISTS `users` (
  `id` int(10) unsigned NOT NULL,
  `name` varchar(255) COLLATE utf8mb4_unicode_ci NOT NULL,
  `email` varchar(255) COLLATE utf8mb4_unicode_ci NOT NULL,
  `password` varchar(255) COLLATE utf8mb4_unicode_ci NOT NULL,
  `remember_token` varchar(100) COLLATE utf8mb4_unicode_ci DEFAULT NULL,
  `created_at` timestamp NULL DEFAULT NULL,
  `updated_at` timestamp NULL DEFAULT NULL
) ENGINE=InnoDB DEFAULT CHARSET=utf8mb4 COLLATE=utf8mb4_unicode_ci;

--
-- Indexes for dumped tables
--

--
-- Indexes for table `migrations`
--
ALTER TABLE `migrations`
  ADD PRIMARY KEY (`id`);

--
-- Indexes for table `password_resets`
--
ALTER TABLE `password_resets`
  ADD KEY `password_resets_email_index` (`email`);

--
-- Indexes for table `products`
--
ALTER TABLE `products`
  ADD PRIMARY KEY (`id`);

--
-- Indexes for table `reviews`
--
ALTER TABLE `reviews`
  ADD PRIMARY KEY (`id`),
  ADD KEY `reviews_product_id_index` (`product_id`);

--
-- Indexes for table `users`
--
ALTER TABLE `users`
  ADD PRIMARY KEY (`id`),
  ADD UNIQUE KEY `users_email_unique` (`email`);

--
-- AUTO_INCREMENT for dumped tables
--

--
-- AUTO_INCREMENT for table `migrations`
--
ALTER TABLE `migrations`
  MODIFY `id` int(10) unsigned NOT NULL AUTO_INCREMENT,AUTO_INCREMENT=5;
--
-- AUTO_INCREMENT for table `products`
--
ALTER TABLE `products`
  MODIFY `id` int(10) unsigned NOT NULL AUTO_INCREMENT,AUTO_INCREMENT=101;
--
-- AUTO_INCREMENT for table `reviews`
--
ALTER TABLE `reviews`
  MODIFY `id` int(10) unsigned NOT NULL AUTO_INCREMENT,AUTO_INCREMENT=301;
--
-- AUTO_INCREMENT for table `users`
--
ALTER TABLE `users`
  MODIFY `id` int(10) unsigned NOT NULL AUTO_INCREMENT;
--
-- Constraints for dumped tables
--

--
-- Constraints for table `reviews`
--
ALTER TABLE `reviews`
  ADD CONSTRAINT `reviews_product_id_foreign` FOREIGN KEY (`product_id`) REFERENCES `products` (`id`) ON DELETE CASCADE;

/*!40101 SET CHARACTER_SET_CLIENT=@OLD_CHARACTER_SET_CLIENT */;
/*!40101 SET CHARACTER_SET_RESULTS=@OLD_CHARACTER_SET_RESULTS */;
/*!40101 SET COLLATION_CONNECTION=@OLD_COLLATION_CONNECTION */;
